2026-05-12 15:16 | etl.extract.get_raw_data | INFO | Config file loaded.
2026-05-12 15:16 | etl.extract.get_raw_data | INFO | Request to API for main successful.
2026-05-12 15:16 | etl.extract.get_raw_data | INFO | Raw data for main saved at data/raw/year=2026/month=05/day=12
2026-05-12 15:16 | etl.extract.get_raw_data | INFO | Config file loaded.
2026-05-12 15:16 | etl.extract.get_raw_data | INFO | Request to API for alt successful.
2026-05-12 15:16 | etl.extract.get_raw_data | INFO | Raw data for alt saved at data/raw/year=2026/month=05/day=12
2026-05-12 15:16 | etl.extract.get_raw_data | INFO | Config file loaded.
2026-05-12 15:16 | etl.extract.get_raw_data | INFO | Request to API for buy_sell successful.
2026-05-12 15:16 | etl.extract.get_raw_data | INFO | Raw data for buy_sell saved at data/raw/year=2026/month=05/day=12
2026-05-12 13:34 | etl.extract.get_raw_data | INFO | Config file loaded.
2026-05-12 13:34 | etl.extract.get_raw_data | INFO | Request to API for main successful.
2026-05-12 13:34 | etl.extract.get_raw_data | INFO | Raw data for main saved at data/raw/year=2026/month=05/day=12
2026-05-12 13:34 | etl.extract.get_raw_data | INFO | Config file loaded.
2026-05-12 13:34 | etl.extract.get_raw_data | INFO | Request to API for alt successful.
2026-05-12 13:34 | etl.extract.get_raw_data | INFO | Raw data for alt saved at data/raw/year=2026/month=05/day=12
2026-05-12 13:34 | etl.extract.get_raw_data | INFO | Config file loaded.
2026-05-12 13:34 | etl.extract.get_raw_data | INFO | Request to API for buy_sell successful.
2026-05-12 13:34 | etl.extract.get_raw_data | INFO | Raw data for buy_sell saved at data/raw/year=2026/month=05/day=12
2026-05-12 13:45 | etl.extract.get_raw_data | INFO | Config file loaded.
2026-05-12 13:45 | etl.extract.get_raw_data | INFO | Request to API for main successful.
2026-05-12 13:45 | etl.extract.get_raw_data | INFO | Raw data for main saved at data/raw/year=2026/month=05/day=12
2026-05-12 13:45 | etl.extract.get_raw_data | INFO | Config file loaded.
2026-05-12 13:45 | etl.extract.get_raw_data | INFO | Request to API for alt successful.
2026-05-12 13:45 | etl.extract.get_raw_data | INFO | Raw data for alt saved at data/raw/year=2026/month=05/day=12
2026-05-12 13:45 | etl.extract.get_raw_data | INFO | Config file loaded.
2026-05-12 13:46 | etl.extract.get_raw_data | INFO | Request to API for buy_sell successful.
2026-05-12 13:46 | etl.extract.get_raw_data | INFO | Raw data for buy_sell saved at data/raw/year=2026/month=05/day=12
2026-05-12 22:05:58 +0200 | etl.extract.get_raw_data | INFO | Config file loaded.
2026-05-12 22:05:59 +0200 | etl.extract.get_raw_data | INFO | Request to API for main successful.
2026-05-12 22:05:59 +0200 | etl.extract.get_raw_data | INFO | Raw data for main saved at data/raw/year=2026/month=05/day=12
2026-05-12 22:05:59 +0200 | etl.extract.get_raw_data | INFO | Config file loaded.
2026-05-12 22:06:00 +0200 | etl.extract.get_raw_data | INFO | Request to API for alt successful.
2026-05-12 22:06:00 +0200 | etl.extract.get_raw_data | INFO | Raw data for alt saved at data/raw/year=2026/month=05/day=12
2026-05-12 22:06:00 +0200 | etl.extract.get_raw_data | INFO | Config file loaded.
2026-05-12 22:06:01 +0200 | etl.extract.get_raw_data | INFO | Request to API for buy_sell successful.
2026-05-12 22:06:01 +0200 | etl.extract.get_raw_data | INFO | Raw data for buy_sell saved at data/raw/year=2026/month=05/day=12
2026-05-13 22:07:12 +0200 | etl.extract.get_raw_data | INFO | Config file loaded.
2026-05-13 22:07:14 +0200 | etl.extract.get_raw_data | INFO | Request to API for main successful.
2026-05-13 22:07:14 +0200 | etl.extract.get_raw_data | INFO | Raw data for main saved at data/raw/year=2026/month=05/day=13
2026-05-13 22:07:14 +0200 | etl.extract.get_raw_data | INFO | Config file loaded.
2026-05-13 22:07:14 +0200 | etl.extract.get_raw_data | INFO | Request to API for alt successful.
2026-05-13 22:07:14 +0200 | etl.extract.get_raw_data | INFO | Raw data for alt saved at data/raw/year=2026/month=05/day=13
2026-05-13 22:07:14 +0200 | etl.extract.get_raw_data | INFO | Config file loaded.
2026-05-13 22:07:15 +0200 | etl.extract.get_raw_data | INFO | Request to API for buy_sell successful.
2026-05-13 22:07:15 +0200 | etl.extract.get_raw_data | INFO | Raw data for buy_sell saved at data/raw/year=2026/month=05/day=13
2026-05-14 21:59:36 +0200 | etl.extract.get_raw_data | INFO | Config file loaded.
2026-05-14 21:59:37 +0200 | etl.extract.get_raw_data | INFO | Request to API for main successful.
2026-05-14 21:59:37 +0200 | etl.extract.get_raw_data | INFO | Raw data for main saved at data/raw/year=2026/month=05/day=14
2026-05-14 21:59:37 +0200 | etl.extract.get_raw_data | INFO | Config file loaded.
2026-05-14 21:59:38 +0200 | etl.extract.get_raw_data | INFO | Request to API for alt successful.
2026-05-14 21:59:38 +0200 | etl.extract.get_raw_data | INFO | Raw data for alt saved at data/raw/year=2026/month=05/day=14
2026-05-14 21:59:38 +0200 | etl.extract.get_raw_data | INFO | Config file loaded.
2026-05-14 21:59:38 +0200 | etl.extract.get_raw_data | INFO | Request to API for buy_sell successful.
2026-05-14 21:59:38 +0200 | etl.extract.get_raw_data | INFO | Raw data for buy_sell saved at data/raw/year=2026/month=05/day=14
2026-05-15 21:51:11 +0200 | etl.extract.get_raw_data | INFO | Config file loaded.
2026-05-15 21:51:12 +0200 | etl.extract.get_raw_data | INFO | Request to API for main successful.
2026-05-15 21:51:12 +0200 | etl.extract.get_raw_data | INFO | Raw data for main saved at data/raw/year=2026/month=05/day=15
2026-05-15 21:51:12 +0200 | etl.extract.get_raw_data | INFO | Config file loaded.
2026-05-15 21:51:12 +0200 | etl.extract.get_raw_data | INFO | Request to API for alt successful.
2026-05-15 21:51:12 +0200 | etl.extract.get_raw_data | INFO | Raw data for alt saved at data/raw/year=2026/month=05/day=15
2026-05-15 21:51:12 +0200 | etl.extract.get_raw_data | INFO | Config file loaded.
2026-05-15 21:51:13 +0200 | etl.extract.get_raw_data | INFO | Request to API for buy_sell successful.
2026-05-15 21:51:13 +0200 | etl.extract.get_raw_data | INFO | Raw data for buy_sell saved at data/raw/year=2026/month=05/day=15
2026-05-16 21:20:34 +0200 | etl.extract.get_raw_data | INFO | Config file loaded.
2026-05-16 21:20:35 +0200 | etl.extract.get_raw_data | INFO | Request to API for main successful.
2026-05-16 21:20:35 +0200 | etl.extract.get_raw_data | INFO | Raw data for main saved at data/raw/year=2026/month=05/day=16
2026-05-16 21:20:35 +0200 | etl.extract.get_raw_data | INFO | Config file loaded.
2026-05-16 21:20:35 +0200 | etl.extract.get_raw_data | INFO | Request to API for alt successful.
2026-05-16 21:20:35 +0200 | etl.extract.get_raw_data | INFO | Raw data for alt saved at data/raw/year=2026/month=05/day=16
2026-05-16 21:20:35 +0200 | etl.extract.get_raw_data | INFO | Config file loaded.
2026-05-16 21:20:36 +0200 | etl.extract.get_raw_data | INFO | Request to API for buy_sell successful.
2026-05-16 21:20:36 +0200 | etl.extract.get_raw_data | INFO | Raw data for buy_sell saved at data/raw/year=2026/month=05/day=16
2026-05-17 21:23:32 +0200 | etl.extract.get_raw_data | INFO | Config file loaded.
2026-05-17 21:23:33 +0200 | etl.extract.get_raw_data | INFO | Request to API for main successful.
2026-05-17 21:23:33 +0200 | etl.extract.get_raw_data | INFO | Raw data for main saved at data/raw/year=2026/month=05/day=17
2026-05-17 21:23:33 +0200 | etl.extract.get_raw_data | INFO | Config file loaded.
2026-05-17 21:23:34 +0200 | etl.extract.get_raw_data | INFO | Request to API for alt successful.
2026-05-17 21:23:34 +0200 | etl.extract.get_raw_data | INFO | Raw data for alt saved at data/raw/year=2026/month=05/day=17
2026-05-17 21:23:34 +0200 | etl.extract.get_raw_data | INFO | Config file loaded.
2026-05-17 21:23:34 +0200 | etl.extract.get_raw_data | INFO | Request to API for buy_sell successful.
2026-05-17 21:23:34 +0200 | etl.extract.get_raw_data | INFO | Raw data for buy_sell saved at data/raw/year=2026/month=05/day=17
2026-05-19 22:06:25 +0200 | etl.extract.get_raw_data | INFO | Config file loaded.
2026-05-19 22:06:27 +0200 | etl.extract.get_raw_data | INFO | Request to API for main successful.
2026-05-19 22:06:27 +0200 | etl.extract.get_raw_data | INFO | Raw data for main saved at data/raw/year=2026/month=05/day=19
2026-05-19 22:06:27 +0200 | etl.extract.get_raw_data | INFO | Config file loaded.
2026-05-19 22:06:27 +0200 | etl.extract.get_raw_data | INFO | Request to API for alt successful.
2026-05-19 22:06:27 +0200 | etl.extract.get_raw_data | INFO | Raw data for alt saved at data/raw/year=2026/month=05/day=19
2026-05-19 22:06:27 +0200 | etl.extract.get_raw_data | INFO | Config file loaded.
2026-05-19 22:06:28 +0200 | etl.extract.get_raw_data | INFO | Request to API for buy_sell successful.
2026-05-19 22:06:28 +0200 | etl.extract.get_raw_data | INFO | Raw data for buy_sell saved at data/raw/year=2026/month=05/day=19
2026-05-20 22:29:56 +0200 | etl.extract.get_raw_data | INFO | Config file loaded.
2026-05-20 22:29:57 +0200 | etl.extract.get_raw_data | INFO | Request to API for main successful.
2026-05-20 22:29:57 +0200 | etl.extract.get_raw_data | INFO | Raw data for main saved at data/raw/year=2026/month=05/day=20
2026-05-20 22:29:57 +0200 | etl.extract.get_raw_data | INFO | Config file loaded.
2026-05-20 22:29:57 +0200 | etl.extract.get_raw_data | INFO | Request to API for alt successful.
2026-05-20 22:29:57 +0200 | etl.extract.get_raw_data | INFO | Raw data for alt saved at data/raw/year=2026/month=05/day=20
2026-05-20 22:29:57 +0200 | etl.extract.get_raw_data | INFO | Config file loaded.
2026-05-20 22:29:58 +0200 | etl.extract.get_raw_data | INFO | Request to API for buy_sell successful.
2026-05-20 22:29:58 +0200 | etl.extract.get_raw_data | INFO | Raw data for buy_sell saved at data/raw/year=2026/month=05/day=20
2026-05-21 22:08:31 +0200 | etl.extract.get_raw_data | INFO | Config file loaded.
2026-05-21 22:08:32 +0200 | etl.extract.get_raw_data | INFO | Request to API for main successful.
2026-05-21 22:08:32 +0200 | etl.extract.get_raw_data | INFO | Raw data for main saved at data/raw/year=2026/month=05/day=21
2026-05-21 22:08:32 +0200 | etl.extract.get_raw_data | INFO | Config file loaded.
2026-05-21 22:08:32 +0200 | etl.extract.get_raw_data | INFO | Request to API for alt successful.
2026-05-21 22:08:32 +0200 | etl.extract.get_raw_data | INFO | Raw data for alt saved at data/raw/year=2026/month=05/day=21
2026-05-21 22:08:32 +0200 | etl.extract.get_raw_data | INFO | Config file loaded.
2026-05-21 22:08:33 +0200 | etl.extract.get_raw_data | INFO | Request to API for buy_sell successful.
2026-05-21 22:08:33 +0200 | etl.extract.get_raw_data | INFO | Raw data for buy_sell saved at data/raw/year=2026/month=05/day=21
2026-05-22 22:06:45 +0200 | etl.extract.get_raw_data | INFO | Config file loaded.
2026-05-22 22:06:46 +0200 | etl.extract.get_raw_data | INFO | Request to API for main successful.
2026-05-22 22:06:46 +0200 | etl.extract.get_raw_data | INFO | Raw data for main saved at data/raw/year=2026/month=05/day=22
2026-05-22 22:06:46 +0200 | etl.extract.get_raw_data | INFO | Config file loaded.
2026-05-22 22:06:47 +0200 | etl.extract.get_raw_data | INFO | Request to API for alt successful.
2026-05-22 22:06:47 +0200 | etl.extract.get_raw_data | INFO | Raw data for alt saved at data/raw/year=2026/month=05/day=22
2026-05-22 22:06:47 +0200 | etl.extract.get_raw_data | INFO | Config file loaded.
2026-05-22 22:06:48 +0200 | etl.extract.get_raw_data | INFO | Request to API for buy_sell successful.
2026-05-22 22:06:48 +0200 | etl.extract.get_raw_data | INFO | Raw data for buy_sell saved at data/raw/year=2026/month=05/day=22
2026-05-25 21:57:31 +0200 | etl.extract.get_raw_data | INFO | Config file loaded.
2026-05-25 21:57:32 +0200 | etl.extract.get_raw_data | INFO | API request for main successful.
2026-05-25 21:57:32 +0200 | etl.extract.get_raw_data | INFO | Raw data for main saved at data/raw/year=2026/month=05/day=25
2026-05-25 21:57:32 +0200 | etl.extract.get_raw_data | INFO | Config file loaded.
2026-05-25 21:57:33 +0200 | etl.extract.get_raw_data | INFO | API request for alt successful.
2026-05-25 21:57:33 +0200 | etl.extract.get_raw_data | INFO | Raw data for alt saved at data/raw/year=2026/month=05/day=25
2026-05-25 21:57:33 +0200 | etl.extract.get_raw_data | INFO | Config file loaded.
2026-05-25 21:57:34 +0200 | etl.extract.get_raw_data | INFO | API request for buy_sell successful.
2026-05-25 21:57:34 +0200 | etl.extract.get_raw_data | INFO | Raw data for buy_sell saved at data/raw/year=2026/month=05/day=25
2026-05-25 21:57:34 +0200 | etl.extract.get_raw_data | INFO | Config file loaded.
2026-05-25 21:57:36 +0200 | etl.extract.get_raw_data | INFO | API request for gold successful.
2026-05-25 21:57:36 +0200 | etl.extract.get_raw_data | INFO | Raw data for gold saved at data/raw/year=2026/month=05/day=25
2026-05-26 22:25:21 +0200 | etl.extract.get_raw_data | INFO | Config file loaded.
2026-05-26 22:25:22 +0200 | etl.extract.get_raw_data | INFO | API request for main successful.
2026-05-26 22:25:22 +0200 | etl.extract.get_raw_data | INFO | Raw data for main saved at data/raw/year=2026/month=05/day=26
2026-05-26 22:25:22 +0200 | etl.extract.get_raw_data | INFO | Config file loaded.
2026-05-26 22:25:22 +0200 | etl.extract.get_raw_data | INFO | API request for alt successful.
2026-05-26 22:25:22 +0200 | etl.extract.get_raw_data | INFO | Raw data for alt saved at data/raw/year=2026/month=05/day=26
2026-05-26 22:25:22 +0200 | etl.extract.get_raw_data | INFO | Config file loaded.
2026-05-26 22:25:23 +0200 | etl.extract.get_raw_data | INFO | API request for buy_sell successful.
2026-05-26 22:25:23 +0200 | etl.extract.get_raw_data | INFO | Raw data for buy_sell saved at data/raw/year=2026/month=05/day=26
2026-05-26 22:25:23 +0200 | etl.extract.get_raw_data | INFO | Config file loaded.
2026-05-26 22:25:23 +0200 | etl.extract.get_raw_data | INFO | API request for gold successful.
2026-05-26 22:25:23 +0200 | etl.extract.get_raw_data | INFO | Raw data for gold saved at data/raw/year=2026/month=05/day=26
2026-05-27 22:29:12 +0200 | etl.extract.get_raw_data | INFO | Config file loaded.
2026-05-27 22:29:13 +0200 | etl.extract.get_raw_data | INFO | API request for main successful.
2026-05-27 22:29:13 +0200 | etl.extract.get_raw_data | INFO | Raw data for main saved at data/raw/year=2026/month=05/day=27
2026-05-27 22:29:13 +0200 | etl.extract.get_raw_data | INFO | Config file loaded.
2026-05-27 22:29:13 +0200 | etl.extract.get_raw_data | INFO | API request for alt successful.
2026-05-27 22:29:13 +0200 | etl.extract.get_raw_data | INFO | Raw data for alt saved at data/raw/year=2026/month=05/day=27
2026-05-27 22:29:13 +0200 | etl.extract.get_raw_data | INFO | Config file loaded.
2026-05-27 22:29:14 +0200 | etl.extract.get_raw_data | INFO | API request for buy_sell successful.
2026-05-27 22:29:14 +0200 | etl.extract.get_raw_data | INFO | Raw data for buy_sell saved at data/raw/year=2026/month=05/day=27
2026-05-27 22:29:14 +0200 | etl.extract.get_raw_data | INFO | Config file loaded.
2026-05-27 22:29:15 +0200 | etl.extract.get_raw_data | INFO | API request for gold successful.
2026-05-27 22:29:15 +0200 | etl.extract.get_raw_data | INFO | Raw data for gold saved at data/raw/year=2026/month=05/day=27
2026-06-08 22:28:03 +0200 | etl.extract.get_raw_data | INFO | Config file loaded.
2026-06-08 22:28:04 +0200 | etl.extract.get_raw_data | INFO | API request for main successful.
2026-06-08 22:28:04 +0200 | etl.extract.get_raw_data | INFO | Raw data for main saved at data/raw/year=2026/month=06/day=08
2026-06-08 22:28:04 +0200 | etl.extract.get_raw_data | INFO | Config file loaded.
2026-06-08 22:28:05 +0200 | etl.extract.get_raw_data | INFO | API request for alt successful.
2026-06-08 22:28:05 +0200 | etl.extract.get_raw_data | INFO | Raw data for alt saved at data/raw/year=2026/month=06/day=08
2026-06-08 22:28:05 +0200 | etl.extract.get_raw_data | INFO | Config file loaded.
2026-06-08 22:28:05 +0200 | etl.extract.get_raw_data | INFO | API request for buy_sell successful.
2026-06-08 22:28:05 +0200 | etl.extract.get_raw_data | INFO | Raw data for buy_sell saved at data/raw/year=2026/month=06/day=08
2026-06-08 22:28:05 +0200 | etl.extract.get_raw_data | INFO | Config file loaded.
2026-06-08 22:28:06 +0200 | etl.extract.get_raw_data | INFO | API request for gold successful.
2026-06-08 22:28:06 +0200 | etl.extract.get_raw_data | INFO | Raw data for gold saved at data/raw/year=2026/month=06/day=08
2026-06-08 22:28:06 +0200 | etl.transform.raw_to_bronze | INFO | Found 52 files in data/raw
2026-06-08 22:28:07 +0200 | etl.transform.raw_to_bronze | INFO | Bronze layer load finished. Success: 52, Errors: 0
2026-06-08 22:32:15 +0200 | etl.extract.get_raw_data | INFO | Config file loaded.
2026-06-08 22:32:16 +0200 | etl.extract.get_raw_data | INFO | API request for main successful.
2026-06-08 22:32:16 +0200 | etl.extract.get_raw_data | INFO | Raw data for main saved at data/raw/year=2026/month=06/day=08
2026-06-08 22:32:16 +0200 | etl.extract.get_raw_data | INFO | Config file loaded.
2026-06-08 22:32:16 +0200 | etl.extract.get_raw_data | INFO | API request for alt successful.
2026-06-08 22:32:16 +0200 | etl.extract.get_raw_data | INFO | Raw data for alt saved at data/raw/year=2026/month=06/day=08
2026-06-08 22:32:16 +0200 | etl.extract.get_raw_data | INFO | Config file loaded.
2026-06-08 22:32:17 +0200 | etl.extract.get_raw_data | INFO | API request for buy_sell successful.
2026-06-08 22:32:17 +0200 | etl.extract.get_raw_data | INFO | Raw data for buy_sell saved at data/raw/year=2026/month=06/day=08
2026-06-08 22:32:17 +0200 | etl.extract.get_raw_data | INFO | Config file loaded.
2026-06-08 22:32:17 +0200 | etl.extract.get_raw_data | INFO | API request for gold successful.
2026-06-08 22:32:17 +0200 | etl.extract.get_raw_data | INFO | Raw data for gold saved at data/raw/year=2026/month=06/day=08
2026-06-08 22:32:17 +0200 | etl.transform.raw_to_bronze | INFO | Found 52 files in data/raw
2026-06-08 22:32:18 +0200 | etl.transform.raw_to_bronze | INFO | Bronze layer load finished. Success: 52, Errors: 0
2026-06-09 22:20:26 +0200 | etl.extract.get_raw_data | INFO | Config file loaded.
2026-06-09 22:20:27 +0200 | etl.extract.get_raw_data | INFO | API request for main successful.
2026-06-09 22:20:27 +0200 | etl.extract.get_raw_data | INFO | Raw data for main saved at data/raw/year=2026/month=06/day=09
2026-06-09 22:20:27 +0200 | etl.extract.get_raw_data | INFO | Config file loaded.
2026-06-09 22:20:28 +0200 | etl.extract.get_raw_data | INFO | API request for alt successful.
2026-06-09 22:20:28 +0200 | etl.extract.get_raw_data | INFO | Raw data for alt saved at data/raw/year=2026/month=06/day=09
2026-06-09 22:20:28 +0200 | etl.extract.get_raw_data | INFO | Config file loaded.
2026-06-09 22:20:28 +0200 | etl.extract.get_raw_data | INFO | API request for buy_sell successful.
2026-06-09 22:20:28 +0200 | etl.extract.get_raw_data | INFO | Raw data for buy_sell saved at data/raw/year=2026/month=06/day=09
2026-06-09 22:20:28 +0200 | etl.extract.get_raw_data | INFO | Config file loaded.
2026-06-09 22:20:29 +0200 | etl.extract.get_raw_data | INFO | API request for gold successful.
2026-06-09 22:20:29 +0200 | etl.extract.get_raw_data | INFO | Raw data for gold saved at data/raw/year=2026/month=06/day=09
2026-06-09 22:20:29 +0200 | etl.transform.raw_to_bronze | INFO | Found 56 files in data/raw
2026-06-09 22:20:30 +0200 | etl.transform.raw_to_bronze | INFO | Bronze layer load finished. Success: 56, Errors: 0
2026-06-10 22:44:19 +0200 | etl.extract.get_raw_data | INFO | Config file loaded.
2026-06-10 22:44:20 +0200 | etl.extract.get_raw_data | INFO | API request for main successful.
2026-06-10 22:44:20 +0200 | etl.extract.get_raw_data | INFO | Raw data for main saved at data/raw/year=2026/month=06/day=10
2026-06-10 22:44:20 +0200 | etl.extract.get_raw_data | INFO | Config file loaded.
2026-06-10 22:44:21 +0200 | etl.extract.get_raw_data | INFO | API request for alt successful.
2026-06-10 22:44:21 +0200 | etl.extract.get_raw_data | INFO | Raw data for alt saved at data/raw/year=2026/month=06/day=10
2026-06-10 22:44:21 +0200 | etl.extract.get_raw_data | INFO | Config file loaded.
2026-06-10 22:44:22 +0200 | etl.extract.get_raw_data | INFO | API request for buy_sell successful.
2026-06-10 22:44:22 +0200 | etl.extract.get_raw_data | INFO | Raw data for buy_sell saved at data/raw/year=2026/month=06/day=10
2026-06-10 22:44:22 +0200 | etl.extract.get_raw_data | INFO | Config file loaded.
2026-06-10 22:44:23 +0200 | etl.extract.get_raw_data | INFO | API request for gold successful.
2026-06-10 22:44:23 +0200 | etl.extract.get_raw_data | INFO | Raw data for gold saved at data/raw/year=2026/month=06/day=10
2026-06-10 22:44:23 +0200 | etl.transform.raw_to_bronze | INFO | Found 60 files in data/raw
2026-06-10 22:44:23 +0200 | etl.transform.raw_to_bronze | INFO | Bronze layer load finished. Success: 60, Errors: 0
2026-06-11 22:34:42 +0200 | etl.extract.get_raw_data | INFO | Config file loaded.
2026-06-11 22:34:43 +0200 | etl.extract.get_raw_data | INFO | API request for main successful.
2026-06-11 22:34:43 +0200 | etl.extract.get_raw_data | INFO | Raw data for main saved at data/raw/year=2026/month=06/day=11
2026-06-11 22:34:43 +0200 | etl.extract.get_raw_data | INFO | Config file loaded.
2026-06-11 22:34:44 +0200 | etl.extract.get_raw_data | INFO | API request for alt successful.
2026-06-11 22:34:44 +0200 | etl.extract.get_raw_data | INFO | Raw data for alt saved at data/raw/year=2026/month=06/day=11
2026-06-11 22:34:44 +0200 | etl.extract.get_raw_data | INFO | Config file loaded.
2026-06-11 22:34:44 +0200 | etl.extract.get_raw_data | INFO | API request for buy_sell successful.
2026-06-11 22:34:44 +0200 | etl.extract.get_raw_data | INFO | Raw data for buy_sell saved at data/raw/year=2026/month=06/day=11
2026-06-11 22:34:44 +0200 | etl.extract.get_raw_data | INFO | Config file loaded.
2026-06-11 22:34:45 +0200 | etl.extract.get_raw_data | INFO | API request for gold successful.
2026-06-11 22:34:45 +0200 | etl.extract.get_raw_data | INFO | Raw data for gold saved at data/raw/year=2026/month=06/day=11
2026-06-11 22:34:45 +0200 | etl.transform.raw_to_bronze | INFO | Found 64 files in data/raw
2026-06-11 22:34:46 +0200 | etl.transform.raw_to_bronze | INFO | Bronze layer load finished. Success: 64, Errors: 0
2026-06-12 22:24:35 +0200 | etl.extract.get_raw_data | INFO | Config file loaded.
2026-06-12 22:24:35 +0200 | etl.extract.get_raw_data | INFO | API request for main successful.
2026-06-12 22:24:35 +0200 | etl.extract.get_raw_data | INFO | Raw data for main saved at data/raw/year=2026/month=06/day=12
2026-06-12 22:24:35 +0200 | etl.extract.get_raw_data | INFO | Config file loaded.
2026-06-12 22:24:36 +0200 | etl.extract.get_raw_data | INFO | API request for alt successful.
2026-06-12 22:24:36 +0200 | etl.extract.get_raw_data | INFO | Raw data for alt saved at data/raw/year=2026/month=06/day=12
2026-06-12 22:24:36 +0200 | etl.extract.get_raw_data | INFO | Config file loaded.
2026-06-12 22:24:36 +0200 | etl.extract.get_raw_data | INFO | API request for buy_sell successful.
2026-06-12 22:24:36 +0200 | etl.extract.get_raw_data | INFO | Raw data for buy_sell saved at data/raw/year=2026/month=06/day=12
2026-06-12 22:24:36 +0200 | etl.extract.get_raw_data | INFO | Config file loaded.
2026-06-12 22:24:37 +0200 | etl.extract.get_raw_data | INFO | API request for gold successful.
2026-06-12 22:24:37 +0200 | etl.extract.get_raw_data | INFO | Raw data for gold saved at data/raw/year=2026/month=06/day=12
2026-06-12 22:24:37 +0200 | etl.transform.raw_to_bronze | INFO | Found 68 files in data/raw
2026-06-12 22:24:37 +0200 | etl.transform.raw_to_bronze | INFO | Bronze layer load finished. Success: 68, Errors: 0
2026-06-16 20:47:13 +0200 | __main__ | INFO | Found 6 missing dates.
2026-06-16 20:47:13 +0200 | __main__ | INFO | Starting Reactive Backfill for 6 days.
2026-06-16 20:47:13 +0200 | etl.extract.get_raw_data | INFO | Config file loaded.
2026-06-16 20:47:13 +0200 | etl.extract.get_raw_data | INFO | API request for main successful.
2026-06-16 20:47:13 +0200 | etl.extract.get_raw_data | INFO | Raw data for main saved at data/raw/year=2026/month=06/day=02
2026-06-16 20:47:13 +0200 | etl.extract.get_raw_data | INFO | Config file loaded.
2026-06-16 20:47:14 +0200 | etl.extract.get_raw_data | INFO | Brak danych w NBP. Prawdopodobnie święto. Pomijam datę.
2026-06-16 20:47:14 +0200 | etl.extract.get_raw_data | INFO | Config file loaded.
2026-06-16 20:47:14 +0200 | etl.extract.get_raw_data | INFO | API request for buy_sell successful.
2026-06-16 20:47:14 +0200 | etl.extract.get_raw_data | INFO | Raw data for buy_sell saved at data/raw/year=2026/month=06/day=02
2026-06-16 20:47:14 +0200 | etl.extract.get_raw_data | INFO | Config file loaded.
2026-06-16 20:47:15 +0200 | etl.extract.get_raw_data | INFO | API request for gold successful.
2026-06-16 20:47:15 +0200 | etl.extract.get_raw_data | INFO | Raw data for gold saved at data/raw/year=2026/month=06/day=02
2026-06-16 20:47:15 +0200 | etl.extract.get_raw_data | INFO | Config file loaded.
2026-06-16 20:47:15 +0200 | etl.extract.get_raw_data | INFO | API request for main successful.
2026-06-16 20:47:15 +0200 | etl.extract.get_raw_data | INFO | Raw data for main saved at data/raw/year=2026/month=06/day=03
2026-06-16 20:47:15 +0200 | etl.extract.get_raw_data | INFO | Config file loaded.
2026-06-16 20:47:15 +0200 | etl.extract.get_raw_data | INFO | API request for alt successful.
2026-06-16 20:47:15 +0200 | etl.extract.get_raw_data | INFO | Raw data for alt saved at data/raw/year=2026/month=06/day=03
2026-06-16 20:47:15 +0200 | etl.extract.get_raw_data | INFO | Config file loaded.
2026-06-16 20:47:16 +0200 | etl.extract.get_raw_data | INFO | API request for buy_sell successful.
2026-06-16 20:47:16 +0200 | etl.extract.get_raw_data | INFO | Raw data for buy_sell saved at data/raw/year=2026/month=06/day=03
2026-06-16 20:47:16 +0200 | etl.extract.get_raw_data | INFO | Config file loaded.
2026-06-16 20:47:16 +0200 | etl.extract.get_raw_data | INFO | API request for gold successful.
2026-06-16 20:47:16 +0200 | etl.extract.get_raw_data | INFO | Raw data for gold saved at data/raw/year=2026/month=06/day=03
2026-06-16 20:47:16 +0200 | etl.extract.get_raw_data | INFO | Config file loaded.
2026-06-16 20:47:16 +0200 | etl.extract.get_raw_data | INFO | Brak danych w NBP. Prawdopodobnie święto. Pomijam datę.
2026-06-16 20:47:16 +0200 | etl.extract.get_raw_data | INFO | Config file loaded.
2026-06-16 20:47:16 +0200 | etl.extract.get_raw_data | INFO | Brak danych w NBP. Prawdopodobnie święto. Pomijam datę.
2026-06-16 20:47:16 +0200 | etl.extract.get_raw_data | INFO | Config file loaded.
2026-06-16 20:47:16 +0200 | etl.extract.get_raw_data | INFO | Brak danych w NBP. Prawdopodobnie święto. Pomijam datę.
2026-06-16 20:47:16 +0200 | etl.extract.get_raw_data | INFO | Config file loaded.
2026-06-16 20:47:16 +0200 | etl.extract.get_raw_data | INFO | Brak danych w NBP. Prawdopodobnie święto. Pomijam datę.
2026-06-16 20:47:16 +0200 | etl.extract.get_raw_data | INFO | Config file loaded.
2026-06-16 20:47:17 +0200 | etl.extract.get_raw_data | INFO | API request for main successful.
2026-06-16 20:47:17 +0200 | etl.extract.get_raw_data | INFO | Raw data for main saved at data/raw/year=2026/month=06/day=05
2026-06-16 20:47:17 +0200 | etl.extract.get_raw_data | INFO | Config file loaded.
2026-06-16 20:47:17 +0200 | etl.extract.get_raw_data | INFO | Brak danych w NBP. Prawdopodobnie święto. Pomijam datę.
2026-06-16 20:47:17 +0200 | etl.extract.get_raw_data | INFO | Config file loaded.
2026-06-16 20:47:17 +0200 | etl.extract.get_raw_data | INFO | API request for buy_sell successful.
2026-06-16 20:47:17 +0200 | etl.extract.get_raw_data | INFO | Raw data for buy_sell saved at data/raw/year=2026/month=06/day=05
2026-06-16 20:47:17 +0200 | etl.extract.get_raw_data | INFO | Config file loaded.
2026-06-16 20:47:17 +0200 | etl.extract.get_raw_data | INFO | API request for gold successful.
2026-06-16 20:47:17 +0200 | etl.extract.get_raw_data | INFO | Raw data for gold saved at data/raw/year=2026/month=06/day=05
2026-06-16 20:47:17 +0200 | etl.extract.get_raw_data | INFO | Config file loaded.
2026-06-16 20:47:17 +0200 | etl.extract.get_raw_data | INFO | API request for main successful.
2026-06-16 20:47:17 +0200 | etl.extract.get_raw_data | INFO | Raw data for main saved at data/raw/year=2026/month=06/day=15
2026-06-16 20:47:17 +0200 | etl.extract.get_raw_data | INFO | Config file loaded.
2026-06-16 20:47:18 +0200 | etl.extract.get_raw_data | INFO | Brak danych w NBP. Prawdopodobnie święto. Pomijam datę.
2026-06-16 20:47:18 +0200 | etl.extract.get_raw_data | INFO | Config file loaded.
2026-06-16 20:47:18 +0200 | etl.extract.get_raw_data | INFO | API request for buy_sell successful.
2026-06-16 20:47:18 +0200 | etl.extract.get_raw_data | INFO | Raw data for buy_sell saved at data/raw/year=2026/month=06/day=15
2026-06-16 20:47:18 +0200 | etl.extract.get_raw_data | INFO | Config file loaded.
2026-06-16 20:47:18 +0200 | etl.extract.get_raw_data | INFO | API request for gold successful.
2026-06-16 20:47:18 +0200 | etl.extract.get_raw_data | INFO | Raw data for gold saved at data/raw/year=2026/month=06/day=15
2026-06-16 20:47:18 +0200 | etl.extract.get_raw_data | INFO | Config file loaded.
2026-06-16 20:47:18 +0200 | etl.extract.get_raw_data | INFO | API request for main successful.
2026-06-16 20:47:18 +0200 | etl.extract.get_raw_data | INFO | Raw data for main saved at data/raw/year=2026/month=06/day=16
2026-06-16 20:47:18 +0200 | etl.extract.get_raw_data | INFO | Config file loaded.
2026-06-16 20:47:19 +0200 | etl.extract.get_raw_data | INFO | Brak danych w NBP. Prawdopodobnie święto. Pomijam datę.
2026-06-16 20:47:19 +0200 | etl.extract.get_raw_data | INFO | Config file loaded.
2026-06-16 20:47:19 +0200 | etl.extract.get_raw_data | INFO | API request for buy_sell successful.
2026-06-16 20:47:19 +0200 | etl.extract.get_raw_data | INFO | Raw data for buy_sell saved at data/raw/year=2026/month=06/day=16
2026-06-16 20:47:19 +0200 | etl.extract.get_raw_data | INFO | Config file loaded.
2026-06-16 20:47:19 +0200 | etl.extract.get_raw_data | INFO | API request for gold successful.
2026-06-16 20:47:19 +0200 | etl.extract.get_raw_data | INFO | Raw data for gold saved at data/raw/year=2026/month=06/day=16
2026-06-16 20:47:19 +0200 | __main__ | INFO | Starting current rates download (Daily Load)...
2026-06-16 20:47:19 +0200 | etl.extract.get_raw_data | INFO | Config file loaded.
2026-06-16 20:47:19 +0200 | etl.extract.get_raw_data | INFO | API request for main successful.
2026-06-16 20:47:19 +0200 | etl.extract.get_raw_data | INFO | Raw data for main saved at data/raw/year=2026/month=06/day=16
2026-06-16 20:47:19 +0200 | etl.extract.get_raw_data | INFO | Config file loaded.
2026-06-16 20:47:20 +0200 | etl.extract.get_raw_data | INFO | API request for alt successful.
2026-06-16 20:47:20 +0200 | etl.extract.get_raw_data | INFO | Raw data for alt saved at data/raw/year=2026/month=06/day=16
2026-06-16 20:47:20 +0200 | etl.extract.get_raw_data | INFO | Config file loaded.
2026-06-16 20:47:20 +0200 | etl.extract.get_raw_data | INFO | API request for buy_sell successful.
2026-06-16 20:47:20 +0200 | etl.extract.get_raw_data | INFO | Raw data for buy_sell saved at data/raw/year=2026/month=06/day=16
2026-06-16 20:47:20 +0200 | etl.extract.get_raw_data | INFO | Config file loaded.
2026-06-16 20:47:20 +0200 | etl.extract.get_raw_data | INFO | API request for gold successful.
2026-06-16 20:47:20 +0200 | etl.extract.get_raw_data | INFO | Raw data for gold saved at data/raw/year=2026/month=06/day=16
2026-06-16 20:47:20 +0200 | etl.transform.raw_to_bronze | INFO | Found 85 files in data/raw
2026-06-16 20:47:20 +0200 | etl.transform.raw_to_bronze | INFO | Bronze layer load finished. Success: 85, Errors: 0
2026-06-16 20:47:20 +0200 | etl.transform.bronze_to_silver | INFO | View RAW_NBP_API_DATA created.
2026-06-16 20:47:20 +0200 | etl.transform.bronze_to_silver | INFO | View SILVER_BUY_SELL_CURRENCIES created.
2026-06-16 20:47:20 +0200 | etl.transform.bronze_to_silver | INFO | View SILVER_GOLD_RATES created.
2026-06-16 20:47:20 +0200 | etl.transform.bronze_to_silver | INFO | View SILVER_MID_CURRENCIES_RATES created.
2026-06-16 20:47:20 +0200 | etl.transform.bronze_to_silver | INFO | Silver layer load finished. 4 views added to db.
2026-06-16 22:12:27 +0200 | __main__ | INFO | Found 1 missing dates.
2026-06-16 22:12:27 +0200 | __main__ | INFO | Starting Reactive Backfill for 1 days.
2026-06-16 22:12:27 +0200 | etl.extract.get_raw_data | INFO | Config file loaded.
2026-06-16 22:12:28 +0200 | etl.extract.get_raw_data | INFO | Brak danych w NBP. Prawdopodobnie święto. Pomijam datę.
2026-06-16 22:12:28 +0200 | etl.extract.get_raw_data | INFO | Config file loaded.
2026-06-16 22:12:28 +0200 | etl.extract.get_raw_data | INFO | Brak danych w NBP. Prawdopodobnie święto. Pomijam datę.
2026-06-16 22:12:28 +0200 | etl.extract.get_raw_data | INFO | Config file loaded.
2026-06-16 22:12:29 +0200 | etl.extract.get_raw_data | INFO | Brak danych w NBP. Prawdopodobnie święto. Pomijam datę.
2026-06-16 22:12:29 +0200 | etl.extract.get_raw_data | INFO | Config file loaded.
2026-06-16 22:12:30 +0200 | etl.extract.get_raw_data | INFO | Brak danych w NBP. Prawdopodobnie święto. Pomijam datę.
2026-06-16 22:12:30 +0200 | __main__ | INFO | Starting current rates download (Daily Load)...
2026-06-16 22:12:30 +0200 | etl.extract.get_raw_data | INFO | Config file loaded.
2026-06-16 22:12:31 +0200 | etl.extract.get_raw_data | INFO | API request for main successful.
2026-06-16 22:12:31 +0200 | etl.extract.get_raw_data | INFO | Raw data for main saved at data/raw/year=2026/month=06/day=16
2026-06-16 22:12:31 +0200 | etl.extract.get_raw_data | INFO | Config file loaded.
2026-06-16 22:12:32 +0200 | etl.extract.get_raw_data | INFO | API request for alt successful.
2026-06-16 22:12:32 +0200 | etl.extract.get_raw_data | INFO | Raw data for alt saved at data/raw/year=2026/month=06/day=16
2026-06-16 22:12:32 +0200 | etl.extract.get_raw_data | INFO | Config file loaded.
2026-06-16 22:12:33 +0200 | etl.extract.get_raw_data | INFO | API request for buy_sell successful.
2026-06-16 22:12:33 +0200 | etl.extract.get_raw_data | INFO | Raw data for buy_sell saved at data/raw/year=2026/month=06/day=16
2026-06-16 22:12:33 +0200 | etl.extract.get_raw_data | INFO | Config file loaded.
2026-06-16 22:12:33 +0200 | etl.extract.get_raw_data | INFO | API request for gold successful.
2026-06-16 22:12:33 +0200 | etl.extract.get_raw_data | INFO | Raw data for gold saved at data/raw/year=2026/month=06/day=16
2026-06-16 22:12:33 +0200 | etl.transform.raw_to_bronze | INFO | Found 85 files in data/raw
2026-06-16 22:12:34 +0200 | etl.transform.raw_to_bronze | INFO | Bronze layer load finished. Success: 85, Errors: 0
2026-06-16 22:12:34 +0200 | etl.transform.bronze_to_silver | INFO | View SILVER_MID_CURRENCIES_RATES created.
2026-06-16 22:12:34 +0200 | etl.transform.bronze_to_silver | INFO | View SILVER_BUY_SELL_CURRENCIES created.
2026-06-16 22:12:34 +0200 | etl.transform.bronze_to_silver | INFO | View SILVER_GOLD_RATES created.
2026-06-16 22:12:34 +0200 | etl.transform.bronze_to_silver | INFO | View GOLD_WEALTH_INDEX created.
2026-06-16 22:12:34 +0200 | etl.transform.bronze_to_silver | INFO | Silver layer load finished. 4 views added to db.
2026-06-16 23:18:27 +0200 | __main__ | INFO | Found 1 missing dates.
2026-06-16 23:18:27 +0200 | __main__ | INFO | Starting Reactive Backfill for 1 days.
2026-06-16 23:18:27 +0200 | etl.extract.get_raw_data | INFO | Config file loaded.
2026-06-16 23:18:28 +0200 | etl.extract.get_raw_data | INFO | Brak danych w NBP. Prawdopodobnie święto. Pomijam datę.
2026-06-16 23:18:28 +0200 | etl.extract.get_raw_data | INFO | Config file loaded.
2026-06-16 23:18:29 +0200 | etl.extract.get_raw_data | INFO | Brak danych w NBP. Prawdopodobnie święto. Pomijam datę.
2026-06-16 23:18:29 +0200 | etl.extract.get_raw_data | INFO | Config file loaded.
2026-06-16 23:18:29 +0200 | etl.extract.get_raw_data | INFO | Brak danych w NBP. Prawdopodobnie święto. Pomijam datę.
2026-06-16 23:18:29 +0200 | etl.extract.get_raw_data | INFO | Config file loaded.
2026-06-16 23:18:30 +0200 | etl.extract.get_raw_data | INFO | Brak danych w NBP. Prawdopodobnie święto. Pomijam datę.
2026-06-16 23:18:30 +0200 | __main__ | INFO | Starting current rates download (Daily Load)...
2026-06-16 23:18:30 +0200 | etl.extract.get_raw_data | INFO | Config file loaded.
2026-06-16 23:18:30 +0200 | etl.extract.get_raw_data | INFO | API request for main successful.
2026-06-16 23:18:30 +0200 | etl.extract.get_raw_data | INFO | Raw data for main saved at data/raw/year=2026/month=06/day=16
2026-06-16 23:18:30 +0200 | etl.extract.get_raw_data | INFO | Config file loaded.
2026-06-16 23:18:31 +0200 | etl.extract.get_raw_data | INFO | API request for alt successful.
2026-06-16 23:18:31 +0200 | etl.extract.get_raw_data | INFO | Raw data for alt saved at data/raw/year=2026/month=06/day=16
2026-06-16 23:18:31 +0200 | etl.extract.get_raw_data | INFO | Config file loaded.
2026-06-16 23:18:32 +0200 | etl.extract.get_raw_data | INFO | API request for buy_sell successful.
2026-06-16 23:18:32 +0200 | etl.extract.get_raw_data | INFO | Raw data for buy_sell saved at data/raw/year=2026/month=06/day=16
2026-06-16 23:18:32 +0200 | etl.extract.get_raw_data | INFO | Config file loaded.
2026-06-16 23:18:32 +0200 | etl.extract.get_raw_data | INFO | API request for gold successful.
2026-06-16 23:18:32 +0200 | etl.extract.get_raw_data | INFO | Raw data for gold saved at data/raw/year=2026/month=06/day=16
2026-06-16 23:18:32 +0200 | etl.transform.raw_to_bronze | INFO | Found 85 files in data/raw
2026-06-16 23:18:33 +0200 | etl.transform.raw_to_bronze | INFO | Bronze layer load finished. Success: 85, Errors: 0
2026-06-16 23:18:33 +0200 | etl.transform.bronze_to_silver | INFO | View SILVER_MID_CURRENCIES_RATES created.
2026-06-16 23:18:33 +0200 | etl.transform.bronze_to_silver | INFO | View SILVER_BUY_SELL_CURRENCIES created.
2026-06-16 23:18:33 +0200 | etl.transform.bronze_to_silver | INFO | View SILVER_GOLD_RATES created.
2026-06-16 23:18:33 +0200 | etl.transform.bronze_to_silver | INFO | View GOLD_WEALTH_INDEX created.
2026-06-16 23:18:33 +0200 | etl.transform.bronze_to_silver | INFO | Silver layer load finished. 4 views added to db.
2026-06-17 22:29:13 +0200 | __main__ | INFO | Found 2 missing dates.
2026-06-17 22:29:13 +0200 | __main__ | INFO | Starting Reactive Backfill for 2 days.
2026-06-17 22:29:13 +0200 | etl.extract.get_raw_data | INFO | Config file loaded.
2026-06-17 22:29:14 +0200 | etl.extract.get_raw_data | INFO | Brak danych w NBP. Prawdopodobnie święto. Pomijam datę.
2026-06-17 22:29:14 +0200 | etl.extract.get_raw_data | INFO | Config file loaded.
2026-06-17 22:29:15 +0200 | etl.extract.get_raw_data | INFO | Brak danych w NBP. Prawdopodobnie święto. Pomijam datę.
2026-06-17 22:29:15 +0200 | etl.extract.get_raw_data | INFO | Config file loaded.
2026-06-17 22:29:16 +0200 | etl.extract.get_raw_data | INFO | Brak danych w NBP. Prawdopodobnie święto. Pomijam datę.
2026-06-17 22:29:16 +0200 | etl.extract.get_raw_data | INFO | Config file loaded.
2026-06-17 22:29:16 +0200 | etl.extract.get_raw_data | INFO | Brak danych w NBP. Prawdopodobnie święto. Pomijam datę.
2026-06-17 22:29:16 +0200 | etl.extract.get_raw_data | INFO | Config file loaded.
2026-06-17 22:29:18 +0200 | etl.extract.get_raw_data | INFO | API request for main successful.
2026-06-17 22:29:18 +0200 | etl.extract.get_raw_data | INFO | Raw data for main saved at data/raw/year=2026/month=06/day=17
2026-06-17 22:29:18 +0200 | etl.extract.get_raw_data | INFO | Config file loaded.
2026-06-17 22:29:18 +0200 | etl.extract.get_raw_data | INFO | API request for alt successful.
2026-06-17 22:29:18 +0200 | etl.extract.get_raw_data | INFO | Raw data for alt saved at data/raw/year=2026/month=06/day=17
2026-06-17 22:29:19 +0200 | etl.extract.get_raw_data | INFO | Config file loaded.
2026-06-17 22:29:19 +0200 | etl.extract.get_raw_data | INFO | API request for buy_sell successful.
2026-06-17 22:29:19 +0200 | etl.extract.get_raw_data | INFO | Raw data for buy_sell saved at data/raw/year=2026/month=06/day=17
2026-06-17 22:29:19 +0200 | etl.extract.get_raw_data | INFO | Config file loaded.
2026-06-17 22:29:20 +0200 | etl.extract.get_raw_data | INFO | API request for gold successful.
2026-06-17 22:29:20 +0200 | etl.extract.get_raw_data | INFO | Raw data for gold saved at data/raw/year=2026/month=06/day=17
2026-06-17 22:29:20 +0200 | __main__ | INFO | Starting current rates download (Daily Load)...
2026-06-17 22:29:20 +0200 | etl.extract.get_raw_data | INFO | Config file loaded.
2026-06-17 22:29:20 +0200 | etl.extract.get_raw_data | INFO | API request for main successful.
2026-06-17 22:29:20 +0200 | etl.extract.get_raw_data | INFO | Raw data for main saved at data/raw/year=2026/month=06/day=17
2026-06-17 22:29:20 +0200 | etl.extract.get_raw_data | INFO | Config file loaded.
2026-06-17 22:29:21 +0200 | etl.extract.get_raw_data | INFO | API request for alt successful.
2026-06-17 22:29:21 +0200 | etl.extract.get_raw_data | INFO | Raw data for alt saved at data/raw/year=2026/month=06/day=17
2026-06-17 22:29:21 +0200 | etl.extract.get_raw_data | INFO | Config file loaded.
2026-06-17 22:29:22 +0200 | etl.extract.get_raw_data | INFO | API request for buy_sell successful.
2026-06-17 22:29:22 +0200 | etl.extract.get_raw_data | INFO | Raw data for buy_sell saved at data/raw/year=2026/month=06/day=17
2026-06-17 22:29:22 +0200 | etl.extract.get_raw_data | INFO | Config file loaded.
2026-06-17 22:29:23 +0200 | etl.extract.get_raw_data | INFO | API request for gold successful.
2026-06-17 22:29:23 +0200 | etl.extract.get_raw_data | INFO | Raw data for gold saved at data/raw/year=2026/month=06/day=17
2026-06-17 22:29:23 +0200 | etl.transform.raw_to_bronze | INFO | Found 89 files in data/raw
2026-06-17 22:29:24 +0200 | etl.transform.raw_to_bronze | INFO | Bronze layer load finished. Success: 89, Errors: 0
2026-06-17 22:29:24 +0200 | etl.transform.bronze_to_silver | INFO | View SILVER_MID_CURRENCIES_RATES created.
2026-06-17 22:29:24 +0200 | etl.transform.bronze_to_silver | INFO | View SILVER_BUY_SELL_CURRENCIES created.
2026-06-17 22:29:24 +0200 | etl.transform.bronze_to_silver | INFO | View SILVER_GOLD_RATES created.
2026-06-17 22:29:24 +0200 | etl.transform.bronze_to_silver | INFO | View GOLD_WEALTH_INDEX created.
2026-06-17 22:29:24 +0200 | etl.transform.bronze_to_silver | INFO | Silver layer load finished. 4 views added to db.
2026-06-18 22:37:35 +0200 | __main__ | INFO | Found 2 missing dates.
2026-06-18 22:37:35 +0200 | __main__ | INFO | Starting Reactive Backfill for 2 days.
2026-06-18 22:37:35 +0200 | etl.extract.get_raw_data | INFO | Config file loaded.
2026-06-18 22:37:35 +0200 | etl.extract.get_raw_data | INFO | Brak danych w NBP. Prawdopodobnie święto. Pomijam datę.
2026-06-18 22:37:35 +0200 | etl.extract.get_raw_data | INFO | Config file loaded.
2026-06-18 22:37:36 +0200 | etl.extract.get_raw_data | INFO | Brak danych w NBP. Prawdopodobnie święto. Pomijam datę.
2026-06-18 22:37:36 +0200 | etl.extract.get_raw_data | INFO | Config file loaded.
2026-06-18 22:37:37 +0200 | etl.extract.get_raw_data | INFO | Brak danych w NBP. Prawdopodobnie święto. Pomijam datę.
2026-06-18 22:37:37 +0200 | etl.extract.get_raw_data | INFO | Config file loaded.
2026-06-18 22:37:37 +0200 | etl.extract.get_raw_data | INFO | Brak danych w NBP. Prawdopodobnie święto. Pomijam datę.
2026-06-18 22:37:37 +0200 | etl.extract.get_raw_data | INFO | Config file loaded.
2026-06-18 22:37:38 +0200 | etl.extract.get_raw_data | INFO | API request for main successful.
2026-06-18 22:37:38 +0200 | etl.extract.get_raw_data | INFO | Raw data for main saved at data/raw/year=2026/month=06/day=18
2026-06-18 22:37:38 +0200 | etl.extract.get_raw_data | INFO | Config file loaded.
2026-06-18 22:37:39 +0200 | etl.extract.get_raw_data | INFO | Brak danych w NBP. Prawdopodobnie święto. Pomijam datę.
2026-06-18 22:37:39 +0200 | etl.extract.get_raw_data | INFO | Config file loaded.
2026-06-18 22:37:39 +0200 | etl.extract.get_raw_data | INFO | API request for buy_sell successful.
2026-06-18 22:37:39 +0200 | etl.extract.get_raw_data | INFO | Raw data for buy_sell saved at data/raw/year=2026/month=06/day=18
2026-06-18 22:37:39 +0200 | etl.extract.get_raw_data | INFO | Config file loaded.
2026-06-18 22:37:40 +0200 | etl.extract.get_raw_data | INFO | API request for gold successful.
2026-06-18 22:37:40 +0200 | etl.extract.get_raw_data | INFO | Raw data for gold saved at data/raw/year=2026/month=06/day=18
2026-06-18 22:37:40 +0200 | __main__ | INFO | Starting current rates download (Daily Load)...
2026-06-18 22:37:40 +0200 | etl.extract.get_raw_data | INFO | Config file loaded.
2026-06-18 22:37:41 +0200 | etl.extract.get_raw_data | INFO | API request for main successful.
2026-06-18 22:37:41 +0200 | etl.extract.get_raw_data | INFO | Raw data for main saved at data/raw/year=2026/month=06/day=18
2026-06-18 22:37:41 +0200 | etl.extract.get_raw_data | INFO | Config file loaded.
2026-06-18 22:37:41 +0200 | etl.extract.get_raw_data | INFO | API request for alt successful.
2026-06-18 22:37:41 +0200 | etl.extract.get_raw_data | INFO | Raw data for alt saved at data/raw/year=2026/month=06/day=18
2026-06-18 22:37:41 +0200 | etl.extract.get_raw_data | INFO | Config file loaded.
2026-06-18 22:37:42 +0200 | etl.extract.get_raw_data | INFO | API request for buy_sell successful.
2026-06-18 22:37:42 +0200 | etl.extract.get_raw_data | INFO | Raw data for buy_sell saved at data/raw/year=2026/month=06/day=18
2026-06-18 22:37:42 +0200 | etl.extract.get_raw_data | INFO | Config file loaded.
2026-06-18 22:37:43 +0200 | etl.extract.get_raw_data | INFO | API request for gold successful.
2026-06-18 22:37:43 +0200 | etl.extract.get_raw_data | INFO | Raw data for gold saved at data/raw/year=2026/month=06/day=18
2026-06-18 22:37:43 +0200 | etl.transform.raw_to_bronze | INFO | Found 93 files in data/raw
2026-06-18 22:37:43 +0200 | etl.transform.raw_to_bronze | INFO | Bronze layer load finished. Success: 93, Errors: 0
2026-06-18 22:37:44 +0200 | etl.transform.bronze_to_silver | INFO | View SILVER_MID_CURRENCIES_RATES created.
2026-06-18 22:37:44 +0200 | etl.transform.bronze_to_silver | INFO | View SILVER_BUY_SELL_CURRENCIES created.
2026-06-18 22:37:44 +0200 | etl.transform.bronze_to_silver | INFO | View SILVER_GOLD_RATES created.
2026-06-18 22:37:44 +0200 | etl.transform.bronze_to_silver | INFO | View GOLD_WEALTH_INDEX created.
2026-06-18 22:37:44 +0200 | etl.transform.bronze_to_silver | INFO | Silver layer load finished. 4 views added to db.
2026-06-19 22:02:04 +0200 | __main__ | INFO | Found 1 missing dates.
2026-06-19 22:02:04 +0200 | __main__ | INFO | Starting Reactive Backfill for 1 days.
2026-06-19 22:02:04 +0200 | etl.extract.get_raw_data | INFO | Config file loaded.
2026-06-19 22:02:05 +0200 | etl.extract.get_raw_data | INFO | API request for main successful.
2026-06-19 22:02:05 +0200 | etl.extract.get_raw_data | INFO | Raw data for main saved at data/raw/year=2026/month=06/day=19
2026-06-19 22:02:05 +0200 | etl.extract.get_raw_data | INFO | Config file loaded.
2026-06-19 22:02:06 +0200 | etl.extract.get_raw_data | INFO | Brak danych w NBP. Prawdopodobnie święto. Pomijam datę.
2026-06-19 22:02:06 +0200 | etl.extract.get_raw_data | INFO | Config file loaded.
2026-06-19 22:02:07 +0200 | etl.extract.get_raw_data | INFO | API request for buy_sell successful.
2026-06-19 22:02:07 +0200 | etl.extract.get_raw_data | INFO | Raw data for buy_sell saved at data/raw/year=2026/month=06/day=19
2026-06-19 22:02:07 +0200 | etl.extract.get_raw_data | INFO | Config file loaded.
2026-06-19 22:02:08 +0200 | etl.extract.get_raw_data | INFO | API request for gold successful.
2026-06-19 22:02:08 +0200 | etl.extract.get_raw_data | INFO | Raw data for gold saved at data/raw/year=2026/month=06/day=19
2026-06-19 22:02:08 +0200 | __main__ | INFO | Starting current rates download (Daily Load)...
2026-06-19 22:02:08 +0200 | etl.extract.get_raw_data | INFO | Config file loaded.
2026-06-19 22:02:08 +0200 | etl.extract.get_raw_data | INFO | API request for main successful.
2026-06-19 22:02:08 +0200 | etl.extract.get_raw_data | INFO | Raw data for main saved at data/raw/year=2026/month=06/day=19
2026-06-19 22:02:08 +0200 | etl.extract.get_raw_data | INFO | Config file loaded.
2026-06-19 22:02:10 +0200 | etl.extract.get_raw_data | INFO | API request for alt successful.
2026-06-19 22:02:10 +0200 | etl.extract.get_raw_data | INFO | Raw data for alt saved at data/raw/year=2026/month=06/day=19
2026-06-19 22:02:10 +0200 | etl.extract.get_raw_data | INFO | Config file loaded.
2026-06-19 22:02:11 +0200 | etl.extract.get_raw_data | INFO | API request for buy_sell successful.
2026-06-19 22:02:11 +0200 | etl.extract.get_raw_data | INFO | Raw data for buy_sell saved at data/raw/year=2026/month=06/day=19
2026-06-19 22:02:11 +0200 | etl.extract.get_raw_data | INFO | Config file loaded.
2026-06-19 22:02:12 +0200 | etl.extract.get_raw_data | INFO | API request for gold successful.
2026-06-19 22:02:12 +0200 | etl.extract.get_raw_data | INFO | Raw data for gold saved at data/raw/year=2026/month=06/day=19
2026-06-19 22:02:12 +0200 | etl.transform.raw_to_bronze | INFO | Found 97 files in data/raw
2026-06-19 22:02:12 +0200 | etl.transform.raw_to_bronze | INFO | Bronze layer load finished. Success: 97, Errors: 0
2026-06-19 22:02:12 +0200 | etl.transform.bronze_to_silver | INFO | View SILVER_MID_CURRENCIES_RATES created.
2026-06-19 22:02:12 +0200 | etl.transform.bronze_to_silver | INFO | View SILVER_BUY_SELL_CURRENCIES created.
2026-06-19 22:02:12 +0200 | etl.transform.bronze_to_silver | INFO | View SILVER_GOLD_RATES created.
2026-06-19 22:02:12 +0200 | etl.transform.bronze_to_silver | INFO | View GOLD_WEALTH_INDEX created.
2026-06-19 22:02:12 +0200 | etl.transform.bronze_to_silver | INFO | Silver layer load finished. 4 views added to db.
2026-06-22 23:12:22 +0200 | __main__ | INFO | Found 1 missing dates.
2026-06-22 23:12:22 +0200 | __main__ | INFO | Starting Reactive Backfill for 1 days.
2026-06-22 23:12:22 +0200 | etl.extract.get_raw_data | INFO | Config file loaded.
2026-06-22 23:12:23 +0200 | etl.extract.get_raw_data | INFO | API request for main successful.
2026-06-22 23:12:23 +0200 | etl.extract.get_raw_data | INFO | Raw data for main saved at data/raw/year=2026/month=06/day=22
2026-06-22 23:12:23 +0200 | etl.extract.get_raw_data | INFO | Config file loaded.
2026-06-22 23:12:24 +0200 | etl.extract.get_raw_data | INFO | Brak danych w NBP. Prawdopodobnie święto. Pomijam datę.
2026-06-22 23:12:24 +0200 | etl.extract.get_raw_data | INFO | Config file loaded.
2026-06-22 23:12:25 +0200 | etl.extract.get_raw_data | INFO | API request for buy_sell successful.
2026-06-22 23:12:25 +0200 | etl.extract.get_raw_data | INFO | Raw data for buy_sell saved at data/raw/year=2026/month=06/day=22
2026-06-22 23:12:25 +0200 | etl.extract.get_raw_data | INFO | Config file loaded.
2026-06-22 23:12:25 +0200 | etl.extract.get_raw_data | INFO | API request for gold successful.
2026-06-22 23:12:25 +0200 | etl.extract.get_raw_data | INFO | Raw data for gold saved at data/raw/year=2026/month=06/day=22
2026-06-22 23:12:25 +0200 | __main__ | INFO | Starting current rates download (Daily Load)...
2026-06-22 23:12:25 +0200 | etl.extract.get_raw_data | INFO | Config file loaded.
2026-06-22 23:12:26 +0200 | etl.extract.get_raw_data | INFO | API request for main successful.
2026-06-22 23:12:26 +0200 | etl.extract.get_raw_data | INFO | Raw data for main saved at data/raw/year=2026/month=06/day=22
2026-06-22 23:12:26 +0200 | etl.extract.get_raw_data | INFO | Config file loaded.
2026-06-22 23:12:27 +0200 | etl.extract.get_raw_data | INFO | API request for alt successful.
2026-06-22 23:12:27 +0200 | etl.extract.get_raw_data | INFO | Raw data for alt saved at data/raw/year=2026/month=06/day=22
2026-06-22 23:12:27 +0200 | etl.extract.get_raw_data | INFO | Config file loaded.
2026-06-22 23:12:27 +0200 | etl.extract.get_raw_data | INFO | API request for buy_sell successful.
2026-06-22 23:12:27 +0200 | etl.extract.get_raw_data | INFO | Raw data for buy_sell saved at data/raw/year=2026/month=06/day=22
2026-06-22 23:12:27 +0200 | etl.extract.get_raw_data | INFO | Config file loaded.
2026-06-22 23:12:28 +0200 | etl.extract.get_raw_data | INFO | API request for gold successful.
2026-06-22 23:12:28 +0200 | etl.extract.get_raw_data | INFO | Raw data for gold saved at data/raw/year=2026/month=06/day=22
2026-06-22 23:12:28 +0200 | etl.transform.raw_to_bronze | INFO | Found 101 files in data/raw
2026-06-22 23:12:29 +0200 | etl.transform.raw_to_bronze | INFO | Bronze layer load finished. Success: 101, Errors: 0
2026-06-22 23:12:29 +0200 | etl.transform.bronze_to_silver | INFO | View SILVER_MID_CURRENCIES_RATES created.
2026-06-22 23:12:29 +0200 | etl.transform.bronze_to_silver | INFO | View SILVER_BUY_SELL_CURRENCIES created.
2026-06-22 23:12:29 +0200 | etl.transform.bronze_to_silver | INFO | View SILVER_GOLD_RATES created.
2026-06-22 23:12:29 +0200 | etl.transform.bronze_to_silver | INFO | View GOLD_WEALTH_INDEX created.
2026-06-22 23:12:29 +0200 | etl.transform.bronze_to_silver | INFO | Silver layer load finished. 4 views added to db.
2026-06-23 22:20:52 +0200 | __main__ | INFO | Found 1 missing dates.
2026-06-23 22:20:52 +0200 | __main__ | INFO | Starting Reactive Backfill for 1 days.
2026-06-23 22:20:52 +0200 | etl.extract.get_raw_data | INFO | Config file loaded.
2026-06-23 22:20:52 +0200 | etl.extract.get_raw_data | INFO | API request for main successful.
2026-06-23 22:20:52 +0200 | etl.extract.get_raw_data | INFO | Raw data for main saved at data/raw/year=2026/month=06/day=23
2026-06-23 22:20:52 +0200 | etl.extract.get_raw_data | INFO | Config file loaded.
2026-06-23 22:20:53 +0200 | etl.extract.get_raw_data | INFO | Brak danych w NBP. Prawdopodobnie święto. Pomijam datę.
2026-06-23 22:20:53 +0200 | etl.extract.get_raw_data | INFO | Config file loaded.
2026-06-23 22:20:53 +0200 | etl.extract.get_raw_data | INFO | API request for buy_sell successful.
2026-06-23 22:20:53 +0200 | etl.extract.get_raw_data | INFO | Raw data for buy_sell saved at data/raw/year=2026/month=06/day=23
2026-06-23 22:20:54 +0200 | etl.extract.get_raw_data | INFO | Config file loaded.
2026-06-23 22:20:54 +0200 | etl.extract.get_raw_data | INFO | API request for gold successful.
2026-06-23 22:20:54 +0200 | etl.extract.get_raw_data | INFO | Raw data for gold saved at data/raw/year=2026/month=06/day=23
2026-06-23 22:20:54 +0200 | __main__ | INFO | Starting current rates download (Daily Load)...
2026-06-23 22:20:54 +0200 | etl.extract.get_raw_data | INFO | Config file loaded.
2026-06-23 22:20:54 +0200 | etl.extract.get_raw_data | INFO | API request for main successful.
2026-06-23 22:20:54 +0200 | etl.extract.get_raw_data | INFO | Raw data for main saved at data/raw/year=2026/month=06/day=23
2026-06-23 22:20:54 +0200 | etl.extract.get_raw_data | INFO | Config file loaded.
2026-06-23 22:20:55 +0200 | etl.extract.get_raw_data | INFO | API request for alt successful.
2026-06-23 22:20:55 +0200 | etl.extract.get_raw_data | INFO | Raw data for alt saved at data/raw/year=2026/month=06/day=23
2026-06-23 22:20:55 +0200 | etl.extract.get_raw_data | INFO | Config file loaded.
2026-06-23 22:20:55 +0200 | etl.extract.get_raw_data | INFO | API request for buy_sell successful.
2026-06-23 22:20:55 +0200 | etl.extract.get_raw_data | INFO | Raw data for buy_sell saved at data/raw/year=2026/month=06/day=23
2026-06-23 22:20:55 +0200 | etl.extract.get_raw_data | INFO | Config file loaded.
2026-06-23 22:20:56 +0200 | etl.extract.get_raw_data | INFO | API request for gold successful.
2026-06-23 22:20:56 +0200 | etl.extract.get_raw_data | INFO | Raw data for gold saved at data/raw/year=2026/month=06/day=23
2026-06-23 22:20:56 +0200 | etl.transform.raw_to_bronze | INFO | Found 105 files in data/raw
2026-06-23 22:20:57 +0200 | etl.transform.raw_to_bronze | INFO | Bronze layer load finished. Success: 105, Errors: 0
2026-06-23 22:20:57 +0200 | etl.transform.bronze_to_silver | INFO | View SILVER_MID_CURRENCIES_RATES created.
2026-06-23 22:20:57 +0200 | etl.transform.bronze_to_silver | INFO | View SILVER_BUY_SELL_CURRENCIES created.
2026-06-23 22:20:57 +0200 | etl.transform.bronze_to_silver | INFO | View SILVER_GOLD_RATES created.
2026-06-23 22:20:57 +0200 | etl.transform.bronze_to_silver | INFO | View GOLD_WEALTH_INDEX created.
2026-06-23 22:20:57 +0200 | etl.transform.bronze_to_silver | INFO | Silver layer load finished. 4 views added to db.
2026-06-24 22:04:32 +0200 | __main__ | INFO | Found 1 missing dates.
2026-06-24 22:04:32 +0200 | __main__ | INFO | Starting Reactive Backfill for 1 days.
2026-06-24 22:04:32 +0200 | etl.extract.get_raw_data | INFO | Config file loaded.
2026-06-24 22:04:33 +0200 | etl.extract.get_raw_data | INFO | API request for main successful.
2026-06-24 22:04:33 +0200 | etl.extract.get_raw_data | INFO | Raw data for main saved at data/raw/year=2026/month=06/day=24
2026-06-24 22:04:33 +0200 | etl.extract.get_raw_data | INFO | Config file loaded.
2026-06-24 22:04:33 +0200 | etl.extract.get_raw_data | INFO | API request for alt successful.
2026-06-24 22:04:33 +0200 | etl.extract.get_raw_data | INFO | Raw data for alt saved at data/raw/year=2026/month=06/day=24
2026-06-24 22:04:33 +0200 | etl.extract.get_raw_data | INFO | Config file loaded.
2026-06-24 22:04:34 +0200 | etl.extract.get_raw_data | INFO | API request for buy_sell successful.
2026-06-24 22:04:34 +0200 | etl.extract.get_raw_data | INFO | Raw data for buy_sell saved at data/raw/year=2026/month=06/day=24
2026-06-24 22:04:34 +0200 | etl.extract.get_raw_data | INFO | Config file loaded.
2026-06-24 22:04:34 +0200 | etl.extract.get_raw_data | INFO | API request for gold successful.
2026-06-24 22:04:34 +0200 | etl.extract.get_raw_data | INFO | Raw data for gold saved at data/raw/year=2026/month=06/day=24
2026-06-24 22:04:34 +0200 | __main__ | INFO | Starting current rates download (Daily Load)...
2026-06-24 22:04:34 +0200 | etl.extract.get_raw_data | INFO | Config file loaded.
2026-06-24 22:04:35 +0200 | etl.extract.get_raw_data | INFO | API request for main successful.
2026-06-24 22:04:35 +0200 | etl.extract.get_raw_data | INFO | Raw data for main saved at data/raw/year=2026/month=06/day=24
2026-06-24 22:04:35 +0200 | etl.extract.get_raw_data | INFO | Config file loaded.
2026-06-24 22:04:35 +0200 | etl.extract.get_raw_data | INFO | API request for alt successful.
2026-06-24 22:04:35 +0200 | etl.extract.get_raw_data | INFO | Raw data for alt saved at data/raw/year=2026/month=06/day=24
2026-06-24 22:04:35 +0200 | etl.extract.get_raw_data | INFO | Config file loaded.
2026-06-24 22:04:36 +0200 | etl.extract.get_raw_data | INFO | API request for buy_sell successful.
2026-06-24 22:04:36 +0200 | etl.extract.get_raw_data | INFO | Raw data for buy_sell saved at data/raw/year=2026/month=06/day=24
2026-06-24 22:04:36 +0200 | etl.extract.get_raw_data | INFO | Config file loaded.
2026-06-24 22:04:36 +0200 | etl.extract.get_raw_data | INFO | API request for gold successful.
2026-06-24 22:04:36 +0200 | etl.extract.get_raw_data | INFO | Raw data for gold saved at data/raw/year=2026/month=06/day=24
2026-06-24 22:04:36 +0200 | etl.transform.raw_to_bronze | INFO | Found 109 files in data/raw
2026-06-24 22:04:37 +0200 | etl.transform.raw_to_bronze | INFO | Bronze layer load finished. Success: 109, Errors: 0
2026-06-24 22:04:37 +0200 | etl.transform.bronze_to_silver | INFO | View SILVER_MID_CURRENCIES_RATES created.
2026-06-24 22:04:37 +0200 | etl.transform.bronze_to_silver | INFO | View SILVER_BUY_SELL_CURRENCIES created.
2026-06-24 22:04:37 +0200 | etl.transform.bronze_to_silver | INFO | View SILVER_GOLD_RATES created.
2026-06-24 22:04:37 +0200 | etl.transform.bronze_to_silver | INFO | View GOLD_WEALTH_INDEX created.
2026-06-24 22:04:37 +0200 | etl.transform.bronze_to_silver | INFO | Silver layer load finished. 4 views added to db.
2026-06-25 22:20:56 +0200 | __main__ | INFO | Found 1 missing dates.
2026-06-25 22:20:56 +0200 | __main__ | INFO | Starting Reactive Backfill for 1 days.
2026-06-25 22:20:56 +0200 | etl.extract.get_raw_data | INFO | Config file loaded.
2026-06-25 22:20:57 +0200 | etl.extract.get_raw_data | INFO | API request for main successful.
2026-06-25 22:20:57 +0200 | etl.extract.get_raw_data | INFO | Raw data for main saved at data/raw/year=2026/month=06/day=25
2026-06-25 22:20:57 +0200 | etl.extract.get_raw_data | INFO | Config file loaded.
2026-06-25 22:20:57 +0200 | etl.extract.get_raw_data | INFO | Brak danych w NBP. Prawdopodobnie święto. Pomijam datę.
2026-06-25 22:20:57 +0200 | etl.extract.get_raw_data | INFO | Config file loaded.
2026-06-25 22:20:58 +0200 | etl.extract.get_raw_data | INFO | API request for buy_sell successful.
2026-06-25 22:20:58 +0200 | etl.extract.get_raw_data | INFO | Raw data for buy_sell saved at data/raw/year=2026/month=06/day=25
2026-06-25 22:20:58 +0200 | etl.extract.get_raw_data | INFO | Config file loaded.
2026-06-25 22:20:58 +0200 | etl.extract.get_raw_data | INFO | API request for gold successful.
2026-06-25 22:20:58 +0200 | etl.extract.get_raw_data | INFO | Raw data for gold saved at data/raw/year=2026/month=06/day=25
2026-06-25 22:20:58 +0200 | __main__ | INFO | Starting current rates download (Daily Load)...
2026-06-25 22:20:58 +0200 | etl.extract.get_raw_data | INFO | Config file loaded.
2026-06-25 22:20:59 +0200 | etl.extract.get_raw_data | INFO | API request for main successful.
2026-06-25 22:20:59 +0200 | etl.extract.get_raw_data | INFO | Raw data for main saved at data/raw/year=2026/month=06/day=25
2026-06-25 22:20:59 +0200 | etl.extract.get_raw_data | INFO | Config file loaded.
2026-06-25 22:21:00 +0200 | etl.extract.get_raw_data | INFO | API request for alt successful.
2026-06-25 22:21:00 +0200 | etl.extract.get_raw_data | INFO | Raw data for alt saved at data/raw/year=2026/month=06/day=25
2026-06-25 22:21:00 +0200 | etl.extract.get_raw_data | INFO | Config file loaded.
2026-06-25 22:21:00 +0200 | etl.extract.get_raw_data | INFO | API request for buy_sell successful.
2026-06-25 22:21:00 +0200 | etl.extract.get_raw_data | INFO | Raw data for buy_sell saved at data/raw/year=2026/month=06/day=25
2026-06-25 22:21:00 +0200 | etl.extract.get_raw_data | INFO | Config file loaded.
2026-06-25 22:21:00 +0200 | etl.extract.get_raw_data | INFO | API request for gold successful.
2026-06-25 22:21:00 +0200 | etl.extract.get_raw_data | INFO | Raw data for gold saved at data/raw/year=2026/month=06/day=25
2026-06-25 22:21:00 +0200 | etl.transform.raw_to_bronze | INFO | Found 113 files in data/raw
2026-06-25 22:21:01 +0200 | etl.transform.raw_to_bronze | INFO | Bronze layer load finished. Success: 113, Errors: 0
2026-06-25 22:21:01 +0200 | etl.transform.bronze_to_silver | INFO | View SILVER_MID_CURRENCIES_RATES created.
2026-06-25 22:21:01 +0200 | etl.transform.bronze_to_silver | INFO | View SILVER_BUY_SELL_CURRENCIES created.
2026-06-25 22:21:01 +0200 | etl.transform.bronze_to_silver | INFO | View SILVER_GOLD_RATES created.
2026-06-25 22:21:01 +0200 | etl.transform.bronze_to_silver | INFO | View GOLD_WEALTH_INDEX created.
2026-06-25 22:21:01 +0200 | etl.transform.bronze_to_silver | INFO | Silver layer load finished. 4 views added to db.
2026-06-26 22:06:53 +0200 | __main__ | INFO | Found 1 missing dates.
2026-06-26 22:06:53 +0200 | __main__ | INFO | Starting Reactive Backfill for 1 days.
2026-06-26 22:06:53 +0200 | etl.extract.get_raw_data | INFO | Config file loaded.
2026-06-26 22:06:53 +0200 | etl.extract.get_raw_data | INFO | API request for main successful.
2026-06-26 22:06:53 +0200 | etl.extract.get_raw_data | INFO | Raw data for main saved at data/raw/year=2026/month=06/day=26
2026-06-26 22:06:53 +0200 | etl.extract.get_raw_data | INFO | Config file loaded.
2026-06-26 22:06:54 +0200 | etl.extract.get_raw_data | INFO | Brak danych w NBP. Prawdopodobnie święto. Pomijam datę.
2026-06-26 22:06:54 +0200 | etl.extract.get_raw_data | INFO | Config file loaded.
2026-06-26 22:06:55 +0200 | etl.extract.get_raw_data | INFO | API request for buy_sell successful.
2026-06-26 22:06:55 +0200 | etl.extract.get_raw_data | INFO | Raw data for buy_sell saved at data/raw/year=2026/month=06/day=26
2026-06-26 22:06:55 +0200 | etl.extract.get_raw_data | INFO | Config file loaded.
2026-06-26 22:06:55 +0200 | etl.extract.get_raw_data | INFO | API request for gold successful.
2026-06-26 22:06:55 +0200 | etl.extract.get_raw_data | INFO | Raw data for gold saved at data/raw/year=2026/month=06/day=26
2026-06-26 22:06:55 +0200 | __main__ | INFO | Starting current rates download (Daily Load)...
2026-06-26 22:06:55 +0200 | etl.extract.get_raw_data | INFO | Config file loaded.
2026-06-26 22:06:56 +0200 | etl.extract.get_raw_data | INFO | API request for main successful.
2026-06-26 22:06:56 +0200 | etl.extract.get_raw_data | INFO | Raw data for main saved at data/raw/year=2026/month=06/day=26
2026-06-26 22:06:56 +0200 | etl.extract.get_raw_data | INFO | Config file loaded.
2026-06-26 22:06:57 +0200 | etl.extract.get_raw_data | INFO | API request for alt successful.
2026-06-26 22:06:57 +0200 | etl.extract.get_raw_data | INFO | Raw data for alt saved at data/raw/year=2026/month=06/day=26
2026-06-26 22:06:57 +0200 | etl.extract.get_raw_data | INFO | Config file loaded.
2026-06-26 22:06:57 +0200 | etl.extract.get_raw_data | INFO | API request for buy_sell successful.
2026-06-26 22:06:57 +0200 | etl.extract.get_raw_data | INFO | Raw data for buy_sell saved at data/raw/year=2026/month=06/day=26
2026-06-26 22:06:57 +0200 | etl.extract.get_raw_data | INFO | Config file loaded.
2026-06-26 22:06:58 +0200 | etl.extract.get_raw_data | INFO | API request for gold successful.
2026-06-26 22:06:58 +0200 | etl.extract.get_raw_data | INFO | Raw data for gold saved at data/raw/year=2026/month=06/day=26
2026-06-26 22:06:58 +0200 | etl.transform.raw_to_bronze | INFO | Found 117 files in data/raw
2026-06-26 22:06:59 +0200 | etl.transform.raw_to_bronze | INFO | Bronze layer load finished. Success: 117, Errors: 0
2026-06-26 22:06:59 +0200 | etl.transform.bronze_to_silver | INFO | View SILVER_MID_CURRENCIES_RATES created.
2026-06-26 22:06:59 +0200 | etl.transform.bronze_to_silver | INFO | View SILVER_BUY_SELL_CURRENCIES created.
2026-06-26 22:06:59 +0200 | etl.transform.bronze_to_silver | INFO | View SILVER_GOLD_RATES created.
2026-06-26 22:06:59 +0200 | etl.transform.bronze_to_silver | INFO | View GOLD_WEALTH_INDEX created.
2026-06-26 22:06:59 +0200 | etl.transform.bronze_to_silver | INFO | Silver layer load finished. 4 views added to db.
2026-06-29 22:14:18 +0200 | __main__ | INFO | Found 1 missing dates.
2026-06-29 22:14:18 +0200 | __main__ | INFO | Starting Reactive Backfill for 1 days.
2026-06-29 22:14:18 +0200 | etl.extract.get_raw_data | INFO | Config file loaded.
2026-06-29 22:14:19 +0200 | etl.extract.get_raw_data | INFO | API request for main successful.
2026-06-29 22:14:19 +0200 | etl.extract.get_raw_data | INFO | Raw data for main saved at data/raw/year=2026/month=06/day=29
2026-06-29 22:14:19 +0200 | etl.extract.get_raw_data | INFO | Config file loaded.
2026-06-29 22:14:19 +0200 | etl.extract.get_raw_data | INFO | Brak danych w NBP. Prawdopodobnie święto. Pomijam datę.
2026-06-29 22:14:19 +0200 | etl.extract.get_raw_data | INFO | Config file loaded.
2026-06-29 22:14:20 +0200 | etl.extract.get_raw_data | INFO | API request for buy_sell successful.
2026-06-29 22:14:20 +0200 | etl.extract.get_raw_data | INFO | Raw data for buy_sell saved at data/raw/year=2026/month=06/day=29
2026-06-29 22:14:20 +0200 | etl.extract.get_raw_data | INFO | Config file loaded.
2026-06-29 22:14:21 +0200 | etl.extract.get_raw_data | INFO | API request for gold successful.
2026-06-29 22:14:21 +0200 | etl.extract.get_raw_data | INFO | Raw data for gold saved at data/raw/year=2026/month=06/day=29
2026-06-29 22:14:21 +0200 | __main__ | INFO | Starting current rates download (Daily Load)...
2026-06-29 22:14:21 +0200 | etl.extract.get_raw_data | INFO | Config file loaded.
2026-06-29 22:14:21 +0200 | etl.extract.get_raw_data | INFO | API request for main successful.
2026-06-29 22:14:21 +0200 | etl.extract.get_raw_data | INFO | Raw data for main saved at data/raw/year=2026/month=06/day=29
2026-06-29 22:14:21 +0200 | etl.extract.get_raw_data | INFO | Config file loaded.
2026-06-29 22:14:22 +0200 | etl.extract.get_raw_data | INFO | API request for alt successful.
2026-06-29 22:14:22 +0200 | etl.extract.get_raw_data | INFO | Raw data for alt saved at data/raw/year=2026/month=06/day=29
2026-06-29 22:14:22 +0200 | etl.extract.get_raw_data | INFO | Config file loaded.
2026-06-29 22:14:23 +0200 | etl.extract.get_raw_data | INFO | API request for buy_sell successful.
2026-06-29 22:14:23 +0200 | etl.extract.get_raw_data | INFO | Raw data for buy_sell saved at data/raw/year=2026/month=06/day=29
2026-06-29 22:14:23 +0200 | etl.extract.get_raw_data | INFO | Config file loaded.
2026-06-29 22:14:23 +0200 | etl.extract.get_raw_data | INFO | API request for gold successful.
2026-06-29 22:14:23 +0200 | etl.extract.get_raw_data | INFO | Raw data for gold saved at data/raw/year=2026/month=06/day=29
2026-06-29 22:14:23 +0200 | etl.transform.raw_to_bronze | INFO | Found 121 files in data/raw
2026-06-29 22:14:24 +0200 | etl.transform.raw_to_bronze | INFO | Bronze layer load finished. Success: 121, Errors: 0
2026-06-29 22:14:24 +0200 | etl.transform.bronze_to_silver | INFO | View SILVER_MID_CURRENCIES_RATES created.
2026-06-29 22:14:24 +0200 | etl.transform.bronze_to_silver | INFO | View SILVER_BUY_SELL_CURRENCIES created.
2026-06-29 22:14:24 +0200 | etl.transform.bronze_to_silver | INFO | View SILVER_GOLD_RATES created.
2026-06-29 22:14:24 +0200 | etl.transform.bronze_to_silver | INFO | View GOLD_WEALTH_INDEX created.
2026-06-29 22:14:24 +0200 | etl.transform.bronze_to_silver | INFO | Silver layer load finished. 4 views added to db.
2026-06-30 22:17:37 +0200 | __main__ | INFO | Found 1 missing dates.
2026-06-30 22:17:37 +0200 | __main__ | INFO | Starting Reactive Backfill for 1 days.
2026-06-30 22:17:37 +0200 | etl.extract.get_raw_data | INFO | Config file loaded.
2026-06-30 22:17:38 +0200 | etl.extract.get_raw_data | INFO | API request for main successful.
2026-06-30 22:17:38 +0200 | etl.extract.get_raw_data | INFO | Raw data for main saved at data/raw/year=2026/month=06/day=30
2026-06-30 22:17:38 +0200 | etl.extract.get_raw_data | INFO | Config file loaded.
2026-06-30 22:17:39 +0200 | etl.extract.get_raw_data | INFO | Brak danych w NBP. Prawdopodobnie święto. Pomijam datę.
2026-06-30 22:17:39 +0200 | etl.extract.get_raw_data | INFO | Config file loaded.
2026-06-30 22:17:39 +0200 | etl.extract.get_raw_data | INFO | API request for buy_sell successful.
2026-06-30 22:17:39 +0200 | etl.extract.get_raw_data | INFO | Raw data for buy_sell saved at data/raw/year=2026/month=06/day=30
2026-06-30 22:17:39 +0200 | etl.extract.get_raw_data | INFO | Config file loaded.
2026-06-30 22:17:40 +0200 | etl.extract.get_raw_data | INFO | API request for gold successful.
2026-06-30 22:17:40 +0200 | etl.extract.get_raw_data | INFO | Raw data for gold saved at data/raw/year=2026/month=06/day=30
2026-06-30 22:17:40 +0200 | __main__ | INFO | Starting current rates download (Daily Load)...
2026-06-30 22:17:40 +0200 | etl.extract.get_raw_data | INFO | Config file loaded.
2026-06-30 22:17:41 +0200 | etl.extract.get_raw_data | INFO | API request for main successful.
2026-06-30 22:17:41 +0200 | etl.extract.get_raw_data | INFO | Raw data for main saved at data/raw/year=2026/month=06/day=30
2026-06-30 22:17:41 +0200 | etl.extract.get_raw_data | INFO | Config file loaded.
2026-06-30 22:17:42 +0200 | etl.extract.get_raw_data | INFO | API request for alt successful.
2026-06-30 22:17:42 +0200 | etl.extract.get_raw_data | INFO | Raw data for alt saved at data/raw/year=2026/month=06/day=30
2026-06-30 22:17:42 +0200 | etl.extract.get_raw_data | INFO | Config file loaded.
2026-06-30 22:17:42 +0200 | etl.extract.get_raw_data | INFO | API request for buy_sell successful.
2026-06-30 22:17:42 +0200 | etl.extract.get_raw_data | INFO | Raw data for buy_sell saved at data/raw/year=2026/month=06/day=30
2026-06-30 22:17:42 +0200 | etl.extract.get_raw_data | INFO | Config file loaded.
2026-06-30 22:17:43 +0200 | etl.extract.get_raw_data | INFO | API request for gold successful.
2026-06-30 22:17:43 +0200 | etl.extract.get_raw_data | INFO | Raw data for gold saved at data/raw/year=2026/month=06/day=30
2026-06-30 22:17:43 +0200 | etl.transform.raw_to_bronze | INFO | Found 125 files in data/raw
2026-06-30 22:17:43 +0200 | etl.transform.raw_to_bronze | INFO | Bronze layer load finished. Success: 125, Errors: 0
2026-06-30 22:17:43 +0200 | etl.transform.bronze_to_silver | INFO | View SILVER_MID_CURRENCIES_RATES created.
2026-06-30 22:17:43 +0200 | etl.transform.bronze_to_silver | INFO | View SILVER_BUY_SELL_CURRENCIES created.
2026-06-30 22:17:43 +0200 | etl.transform.bronze_to_silver | INFO | View SILVER_GOLD_RATES created.
2026-06-30 22:17:43 +0200 | etl.transform.bronze_to_silver | INFO | View GOLD_WEALTH_INDEX created.
2026-06-30 22:17:43 +0200 | etl.transform.bronze_to_silver | INFO | Silver layer load finished. 4 views added to db.
2026-07-01 22:11:58 +0200 | __main__ | INFO | Found 1 missing dates.
2026-07-01 22:11:58 +0200 | __main__ | INFO | Starting Reactive Backfill for 1 days.
2026-07-01 22:11:58 +0200 | etl.extract.get_raw_data | INFO | Config file loaded.
2026-07-01 22:11:59 +0200 | etl.extract.get_raw_data | INFO | API request for main successful.
2026-07-01 22:11:59 +0200 | etl.extract.get_raw_data | INFO | Raw data for main saved at data/raw/year=2026/month=07/day=01
2026-07-01 22:11:59 +0200 | etl.extract.get_raw_data | INFO | Config file loaded.
2026-07-01 22:12:00 +0200 | etl.extract.get_raw_data | INFO | API request for alt successful.
2026-07-01 22:12:00 +0200 | etl.extract.get_raw_data | INFO | Raw data for alt saved at data/raw/year=2026/month=07/day=01
2026-07-01 22:12:00 +0200 | etl.extract.get_raw_data | INFO | Config file loaded.
2026-07-01 22:12:01 +0200 | etl.extract.get_raw_data | INFO | API request for buy_sell successful.
2026-07-01 22:12:01 +0200 | etl.extract.get_raw_data | INFO | Raw data for buy_sell saved at data/raw/year=2026/month=07/day=01
2026-07-01 22:12:01 +0200 | etl.extract.get_raw_data | INFO | Config file loaded.
2026-07-01 22:12:02 +0200 | etl.extract.get_raw_data | INFO | API request for gold successful.
2026-07-01 22:12:02 +0200 | etl.extract.get_raw_data | INFO | Raw data for gold saved at data/raw/year=2026/month=07/day=01
2026-07-01 22:12:02 +0200 | __main__ | INFO | Starting current rates download (Daily Load)...
2026-07-01 22:12:02 +0200 | etl.extract.get_raw_data | INFO | Config file loaded.
2026-07-01 22:12:04 +0200 | etl.extract.get_raw_data | INFO | API request for main successful.
2026-07-01 22:12:04 +0200 | etl.extract.get_raw_data | INFO | Raw data for main saved at data/raw/year=2026/month=07/day=01
2026-07-01 22:12:04 +0200 | etl.extract.get_raw_data | INFO | Config file loaded.
2026-07-01 22:12:04 +0200 | etl.extract.get_raw_data | INFO | API request for alt successful.
2026-07-01 22:12:04 +0200 | etl.extract.get_raw_data | INFO | Raw data for alt saved at data/raw/year=2026/month=07/day=01
2026-07-01 22:12:04 +0200 | etl.extract.get_raw_data | INFO | Config file loaded.
2026-07-01 22:12:05 +0200 | etl.extract.get_raw_data | INFO | API request for buy_sell successful.
2026-07-01 22:12:05 +0200 | etl.extract.get_raw_data | INFO | Raw data for buy_sell saved at data/raw/year=2026/month=07/day=01
2026-07-01 22:12:05 +0200 | etl.extract.get_raw_data | INFO | Config file loaded.
2026-07-01 22:12:05 +0200 | etl.extract.get_raw_data | INFO | API request for gold successful.
2026-07-01 22:12:05 +0200 | etl.extract.get_raw_data | INFO | Raw data for gold saved at data/raw/year=2026/month=07/day=01
2026-07-01 22:12:05 +0200 | etl.transform.raw_to_bronze | INFO | Found 129 files in data/raw
2026-07-01 22:12:06 +0200 | etl.transform.raw_to_bronze | INFO | Bronze layer load finished. Success: 129, Errors: 0
2026-07-01 22:12:06 +0200 | etl.transform.bronze_to_silver | INFO | View SILVER_MID_CURRENCIES_RATES created.
2026-07-01 22:12:06 +0200 | etl.transform.bronze_to_silver | INFO | View SILVER_BUY_SELL_CURRENCIES created.
2026-07-01 22:12:06 +0200 | etl.transform.bronze_to_silver | INFO | View SILVER_GOLD_RATES created.
2026-07-01 22:12:06 +0200 | etl.transform.bronze_to_silver | INFO | View GOLD_WEALTH_INDEX created.
2026-07-01 22:12:06 +0200 | etl.transform.bronze_to_silver | INFO | Silver layer load finished. 4 views added to db.
2026-07-02 21:49:42 +0200 | __main__ | INFO | Found 1 missing dates.
2026-07-02 21:49:42 +0200 | __main__ | INFO | Starting Reactive Backfill for 1 days.
2026-07-02 21:49:42 +0200 | etl.extract.get_raw_data | INFO | Config file loaded.
2026-07-02 21:49:43 +0200 | etl.extract.get_raw_data | INFO | API request for main successful.
2026-07-02 21:49:43 +0200 | etl.extract.get_raw_data | INFO | Raw data for main saved at data/raw/year=2026/month=07/day=02
2026-07-02 21:49:43 +0200 | etl.extract.get_raw_data | INFO | Config file loaded.
2026-07-02 21:49:45 +0200 | etl.extract.get_raw_data | INFO | Brak danych w NBP. Prawdopodobnie święto. Pomijam datę.
2026-07-02 21:49:45 +0200 | etl.extract.get_raw_data | INFO | Config file loaded.
2026-07-02 21:49:45 +0200 | etl.extract.get_raw_data | INFO | API request for buy_sell successful.
2026-07-02 21:49:45 +0200 | etl.extract.get_raw_data | INFO | Raw data for buy_sell saved at data/raw/year=2026/month=07/day=02
2026-07-02 21:49:45 +0200 | etl.extract.get_raw_data | INFO | Config file loaded.
2026-07-02 21:49:46 +0200 | etl.extract.get_raw_data | INFO | API request for gold successful.
2026-07-02 21:49:46 +0200 | etl.extract.get_raw_data | INFO | Raw data for gold saved at data/raw/year=2026/month=07/day=02
2026-07-02 21:49:46 +0200 | __main__ | INFO | Starting current rates download (Daily Load)...
2026-07-02 21:49:46 +0200 | etl.extract.get_raw_data | INFO | Config file loaded.
2026-07-02 21:49:47 +0200 | etl.extract.get_raw_data | INFO | API request for main successful.
2026-07-02 21:49:47 +0200 | etl.extract.get_raw_data | INFO | Raw data for main saved at data/raw/year=2026/month=07/day=02
2026-07-02 21:49:47 +0200 | etl.extract.get_raw_data | INFO | Config file loaded.
2026-07-02 21:49:47 +0200 | etl.extract.get_raw_data | INFO | API request for alt successful.
2026-07-02 21:49:47 +0200 | etl.extract.get_raw_data | INFO | Raw data for alt saved at data/raw/year=2026/month=07/day=02
2026-07-02 21:49:47 +0200 | etl.extract.get_raw_data | INFO | Config file loaded.
2026-07-02 21:49:48 +0200 | etl.extract.get_raw_data | INFO | API request for buy_sell successful.
2026-07-02 21:49:48 +0200 | etl.extract.get_raw_data | INFO | Raw data for buy_sell saved at data/raw/year=2026/month=07/day=02
2026-07-02 21:49:48 +0200 | etl.extract.get_raw_data | INFO | Config file loaded.
2026-07-02 21:49:48 +0200 | etl.extract.get_raw_data | INFO | API request for gold successful.
2026-07-02 21:49:48 +0200 | etl.extract.get_raw_data | INFO | Raw data for gold saved at data/raw/year=2026/month=07/day=02
2026-07-02 21:49:48 +0200 | etl.transform.raw_to_bronze | INFO | Found 133 files in data/raw
2026-07-02 21:49:49 +0200 | etl.transform.raw_to_bronze | INFO | Bronze layer load finished. Success: 133, Errors: 0
2026-07-02 21:49:49 +0200 | etl.transform.bronze_to_silver | INFO | View SILVER_MID_CURRENCIES_RATES created.
2026-07-02 21:49:49 +0200 | etl.transform.bronze_to_silver | INFO | View SILVER_BUY_SELL_CURRENCIES created.
2026-07-02 21:49:49 +0200 | etl.transform.bronze_to_silver | INFO | View SILVER_GOLD_RATES created.
2026-07-02 21:49:49 +0200 | etl.transform.bronze_to_silver | INFO | View GOLD_WEALTH_INDEX created.
2026-07-02 21:49:49 +0200 | etl.transform.bronze_to_silver | INFO | Silver layer load finished. 4 views added to db.
2026-07-03 21:47:21 +0200 | __main__ | INFO | Found 1 missing dates.
2026-07-03 21:47:21 +0200 | __main__ | INFO | Starting Reactive Backfill for 1 days.
2026-07-03 21:47:21 +0200 | etl.extract.get_raw_data | INFO | Config file loaded.
2026-07-03 21:47:22 +0200 | etl.extract.get_raw_data | INFO | API request for main successful.
2026-07-03 21:47:22 +0200 | etl.extract.get_raw_data | INFO | Raw data for main saved at data/raw/year=2026/month=07/day=03
2026-07-03 21:47:22 +0200 | etl.extract.get_raw_data | INFO | Config file loaded.
2026-07-03 21:47:23 +0200 | etl.extract.get_raw_data | INFO | Brak danych w NBP. Prawdopodobnie święto. Pomijam datę.
2026-07-03 21:47:23 +0200 | etl.extract.get_raw_data | INFO | Config file loaded.
2026-07-03 21:47:23 +0200 | etl.extract.get_raw_data | INFO | API request for buy_sell successful.
2026-07-03 21:47:23 +0200 | etl.extract.get_raw_data | INFO | Raw data for buy_sell saved at data/raw/year=2026/month=07/day=03
2026-07-03 21:47:23 +0200 | etl.extract.get_raw_data | INFO | Config file loaded.
2026-07-03 21:47:24 +0200 | etl.extract.get_raw_data | INFO | API request for gold successful.
2026-07-03 21:47:24 +0200 | etl.extract.get_raw_data | INFO | Raw data for gold saved at data/raw/year=2026/month=07/day=03
2026-07-03 21:47:24 +0200 | __main__ | INFO | Starting current rates download (Daily Load)...
2026-07-03 21:47:24 +0200 | etl.extract.get_raw_data | INFO | Config file loaded.
2026-07-03 21:47:25 +0200 | etl.extract.get_raw_data | INFO | API request for main successful.
2026-07-03 21:47:25 +0200 | etl.extract.get_raw_data | INFO | Raw data for main saved at data/raw/year=2026/month=07/day=03
2026-07-03 21:47:25 +0200 | etl.extract.get_raw_data | INFO | Config file loaded.
2026-07-03 21:47:25 +0200 | etl.extract.get_raw_data | INFO | API request for alt successful.
2026-07-03 21:47:25 +0200 | etl.extract.get_raw_data | INFO | Raw data for alt saved at data/raw/year=2026/month=07/day=03
2026-07-03 21:47:25 +0200 | etl.extract.get_raw_data | INFO | Config file loaded.
2026-07-03 21:47:26 +0200 | etl.extract.get_raw_data | INFO | API request for buy_sell successful.
2026-07-03 21:47:26 +0200 | etl.extract.get_raw_data | INFO | Raw data for buy_sell saved at data/raw/year=2026/month=07/day=03
2026-07-03 21:47:26 +0200 | etl.extract.get_raw_data | INFO | Config file loaded.
2026-07-03 21:47:27 +0200 | etl.extract.get_raw_data | INFO | API request for gold successful.
2026-07-03 21:47:27 +0200 | etl.extract.get_raw_data | INFO | Raw data for gold saved at data/raw/year=2026/month=07/day=03
2026-07-03 21:47:27 +0200 | etl.transform.raw_to_bronze | INFO | Found 137 files in data/raw
2026-07-03 21:47:28 +0200 | etl.transform.raw_to_bronze | INFO | Bronze layer load finished. Success: 137, Errors: 0
2026-07-03 21:47:28 +0200 | etl.transform.bronze_to_silver | INFO | View SILVER_MID_CURRENCIES_RATES created.
2026-07-03 21:47:28 +0200 | etl.transform.bronze_to_silver | INFO | View SILVER_BUY_SELL_CURRENCIES created.
2026-07-03 21:47:28 +0200 | etl.transform.bronze_to_silver | INFO | View SILVER_GOLD_RATES created.
2026-07-03 21:47:28 +0200 | etl.transform.bronze_to_silver | INFO | View GOLD_WEALTH_INDEX created.
2026-07-03 21:47:28 +0200 | etl.transform.bronze_to_silver | INFO | Silver layer load finished. 4 views added to db.
2026-07-06 22:12:36 +0200 | __main__ | INFO | Found 1 missing dates.
2026-07-06 22:12:36 +0200 | __main__ | INFO | Starting Reactive Backfill for 1 days.
2026-07-06 22:12:36 +0200 | etl.extract.get_raw_data | INFO | Config file loaded.
2026-07-06 22:12:37 +0200 | etl.extract.get_raw_data | INFO | API request for main successful.
2026-07-06 22:12:37 +0200 | etl.extract.get_raw_data | INFO | Raw data for main saved at data/raw/year=2026/month=07/day=06
2026-07-06 22:12:37 +0200 | etl.extract.get_raw_data | INFO | Config file loaded.
2026-07-06 22:12:37 +0200 | etl.extract.get_raw_data | INFO | Brak danych w NBP. Prawdopodobnie święto. Pomijam datę.
2026-07-06 22:12:37 +0200 | etl.extract.get_raw_data | INFO | Config file loaded.
2026-07-06 22:12:38 +0200 | etl.extract.get_raw_data | INFO | API request for buy_sell successful.
2026-07-06 22:12:38 +0200 | etl.extract.get_raw_data | INFO | Raw data for buy_sell saved at data/raw/year=2026/month=07/day=06
2026-07-06 22:12:38 +0200 | etl.extract.get_raw_data | INFO | Config file loaded.
2026-07-06 22:12:39 +0200 | etl.extract.get_raw_data | INFO | API request for gold successful.
2026-07-06 22:12:39 +0200 | etl.extract.get_raw_data | INFO | Raw data for gold saved at data/raw/year=2026/month=07/day=06
2026-07-06 22:12:39 +0200 | __main__ | INFO | Starting current rates download (Daily Load)...
2026-07-06 22:12:39 +0200 | etl.extract.get_raw_data | INFO | Config file loaded.
2026-07-06 22:12:39 +0200 | etl.extract.get_raw_data | INFO | API request for main successful.
2026-07-06 22:12:39 +0200 | etl.extract.get_raw_data | INFO | Raw data for main saved at data/raw/year=2026/month=07/day=06
2026-07-06 22:12:39 +0200 | etl.extract.get_raw_data | INFO | Config file loaded.
2026-07-06 22:12:40 +0200 | etl.extract.get_raw_data | INFO | API request for alt successful.
2026-07-06 22:12:40 +0200 | etl.extract.get_raw_data | INFO | Raw data for alt saved at data/raw/year=2026/month=07/day=06
2026-07-06 22:12:40 +0200 | etl.extract.get_raw_data | INFO | Config file loaded.
2026-07-06 22:12:40 +0200 | etl.extract.get_raw_data | INFO | API request for buy_sell successful.
2026-07-06 22:12:40 +0200 | etl.extract.get_raw_data | INFO | Raw data for buy_sell saved at data/raw/year=2026/month=07/day=06
2026-07-06 22:12:40 +0200 | etl.extract.get_raw_data | INFO | Config file loaded.
2026-07-06 22:12:41 +0200 | etl.extract.get_raw_data | INFO | API request for gold successful.
2026-07-06 22:12:41 +0200 | etl.extract.get_raw_data | INFO | Raw data for gold saved at data/raw/year=2026/month=07/day=06
2026-07-06 22:12:41 +0200 | etl.transform.raw_to_bronze | INFO | Found 141 files in data/raw
2026-07-06 22:12:41 +0200 | etl.transform.raw_to_bronze | INFO | Bronze layer load finished. Success: 141, Errors: 0
2026-07-06 22:12:41 +0200 | etl.transform.bronze_to_silver | INFO | View SILVER_MID_CURRENCIES_RATES created.
2026-07-06 22:12:41 +0200 | etl.transform.bronze_to_silver | INFO | View SILVER_BUY_SELL_CURRENCIES created.
2026-07-06 22:12:41 +0200 | etl.transform.bronze_to_silver | INFO | View SILVER_GOLD_RATES created.
2026-07-06 22:12:41 +0200 | etl.transform.bronze_to_silver | INFO | View GOLD_WEALTH_INDEX created.
2026-07-06 22:12:41 +0200 | etl.transform.bronze_to_silver | INFO | Silver layer load finished. 4 views added to db.
2026-07-07 22:12:11 +0200 | __main__ | INFO | Found 1 missing dates.
2026-07-07 22:12:11 +0200 | __main__ | INFO | Starting Reactive Backfill for 1 days.
2026-07-07 22:12:11 +0200 | etl.extract.get_raw_data | INFO | Config file loaded.
2026-07-07 22:12:12 +0200 | etl.extract.get_raw_data | INFO | API request for main successful.
2026-07-07 22:12:12 +0200 | etl.extract.get_raw_data | INFO | Raw data for main saved at data/raw/year=2026/month=07/day=07
2026-07-07 22:12:12 +0200 | etl.extract.get_raw_data | INFO | Config file loaded.
2026-07-07 22:12:13 +0200 | etl.extract.get_raw_data | INFO | Brak danych w NBP. Prawdopodobnie święto. Pomijam datę.
2026-07-07 22:12:13 +0200 | etl.extract.get_raw_data | INFO | Config file loaded.
2026-07-07 22:12:14 +0200 | etl.extract.get_raw_data | INFO | API request for buy_sell successful.
2026-07-07 22:12:14 +0200 | etl.extract.get_raw_data | INFO | Raw data for buy_sell saved at data/raw/year=2026/month=07/day=07
2026-07-07 22:12:14 +0200 | etl.extract.get_raw_data | INFO | Config file loaded.
2026-07-07 22:12:14 +0200 | etl.extract.get_raw_data | INFO | API request for gold successful.
2026-07-07 22:12:14 +0200 | etl.extract.get_raw_data | INFO | Raw data for gold saved at data/raw/year=2026/month=07/day=07
2026-07-07 22:12:14 +0200 | __main__ | INFO | Starting current rates download (Daily Load)...
2026-07-07 22:12:14 +0200 | etl.extract.get_raw_data | INFO | Config file loaded.
2026-07-07 22:12:15 +0200 | etl.extract.get_raw_data | INFO | API request for main successful.
2026-07-07 22:12:15 +0200 | etl.extract.get_raw_data | INFO | Raw data for main saved at data/raw/year=2026/month=07/day=07
2026-07-07 22:12:15 +0200 | etl.extract.get_raw_data | INFO | Config file loaded.
2026-07-07 22:12:15 +0200 | etl.extract.get_raw_data | INFO | API request for alt successful.
2026-07-07 22:12:15 +0200 | etl.extract.get_raw_data | INFO | Raw data for alt saved at data/raw/year=2026/month=07/day=07
2026-07-07 22:12:15 +0200 | etl.extract.get_raw_data | INFO | Config file loaded.
2026-07-07 22:12:16 +0200 | etl.extract.get_raw_data | INFO | API request for buy_sell successful.
2026-07-07 22:12:16 +0200 | etl.extract.get_raw_data | INFO | Raw data for buy_sell saved at data/raw/year=2026/month=07/day=07
2026-07-07 22:12:16 +0200 | etl.extract.get_raw_data | INFO | Config file loaded.
2026-07-07 22:12:16 +0200 | etl.extract.get_raw_data | INFO | API request for gold successful.
2026-07-07 22:12:16 +0200 | etl.extract.get_raw_data | INFO | Raw data for gold saved at data/raw/year=2026/month=07/day=07
2026-07-07 22:12:16 +0200 | etl.transform.raw_to_bronze | INFO | Found 145 files in data/raw
2026-07-07 22:12:17 +0200 | etl.transform.raw_to_bronze | INFO | Bronze layer load finished. Success: 145, Errors: 0
2026-07-07 22:12:17 +0200 | etl.transform.bronze_to_silver | INFO | View SILVER_MID_CURRENCIES_RATES created.
2026-07-07 22:12:17 +0200 | etl.transform.bronze_to_silver | INFO | View SILVER_BUY_SELL_CURRENCIES created.
2026-07-07 22:12:17 +0200 | etl.transform.bronze_to_silver | INFO | View SILVER_GOLD_RATES created.
2026-07-07 22:12:17 +0200 | etl.transform.bronze_to_silver | INFO | View GOLD_WEALTH_INDEX created.
2026-07-07 22:12:17 +0200 | etl.transform.bronze_to_silver | INFO | Silver layer load finished. 4 views added to db.
2026-07-08 21:53:37 +0200 | __main__ | INFO | Found 1 missing dates.
2026-07-08 21:53:37 +0200 | __main__ | INFO | Starting Reactive Backfill for 1 days.
2026-07-08 21:53:37 +0200 | etl.extract.get_raw_data | INFO | Config file loaded.
2026-07-08 21:53:38 +0200 | etl.extract.get_raw_data | INFO | API request for main successful.
2026-07-08 21:53:38 +0200 | etl.extract.get_raw_data | INFO | Raw data for main saved at data/raw/year=2026/month=07/day=08
2026-07-08 21:53:38 +0200 | etl.extract.get_raw_data | INFO | Config file loaded.
2026-07-08 21:53:39 +0200 | etl.extract.get_raw_data | INFO | API request for alt successful.
2026-07-08 21:53:39 +0200 | etl.extract.get_raw_data | INFO | Raw data for alt saved at data/raw/year=2026/month=07/day=08
2026-07-08 21:53:39 +0200 | etl.extract.get_raw_data | INFO | Config file loaded.
2026-07-08 21:53:39 +0200 | etl.extract.get_raw_data | INFO | API request for buy_sell successful.
2026-07-08 21:53:39 +0200 | etl.extract.get_raw_data | INFO | Raw data for buy_sell saved at data/raw/year=2026/month=07/day=08
2026-07-08 21:53:39 +0200 | etl.extract.get_raw_data | INFO | Config file loaded.
2026-07-08 21:53:40 +0200 | etl.extract.get_raw_data | INFO | API request for gold successful.
2026-07-08 21:53:40 +0200 | etl.extract.get_raw_data | INFO | Raw data for gold saved at data/raw/year=2026/month=07/day=08
2026-07-08 21:53:40 +0200 | __main__ | INFO | Starting current rates download (Daily Load)...
2026-07-08 21:53:40 +0200 | etl.extract.get_raw_data | INFO | Config file loaded.
2026-07-08 21:53:41 +0200 | etl.extract.get_raw_data | INFO | API request for main successful.
2026-07-08 21:53:41 +0200 | etl.extract.get_raw_data | INFO | Raw data for main saved at data/raw/year=2026/month=07/day=08
2026-07-08 21:53:41 +0200 | etl.extract.get_raw_data | INFO | Config file loaded.
2026-07-08 21:53:41 +0200 | etl.extract.get_raw_data | INFO | API request for alt successful.
2026-07-08 21:53:41 +0200 | etl.extract.get_raw_data | INFO | Raw data for alt saved at data/raw/year=2026/month=07/day=08
2026-07-08 21:53:41 +0200 | etl.extract.get_raw_data | INFO | Config file loaded.
2026-07-08 21:53:42 +0200 | etl.extract.get_raw_data | INFO | API request for buy_sell successful.
2026-07-08 21:53:42 +0200 | etl.extract.get_raw_data | INFO | Raw data for buy_sell saved at data/raw/year=2026/month=07/day=08
2026-07-08 21:53:42 +0200 | etl.extract.get_raw_data | INFO | Config file loaded.
2026-07-08 21:53:43 +0200 | etl.extract.get_raw_data | INFO | API request for gold successful.
2026-07-08 21:53:43 +0200 | etl.extract.get_raw_data | INFO | Raw data for gold saved at data/raw/year=2026/month=07/day=08
2026-07-08 21:53:43 +0200 | etl.transform.raw_to_bronze | INFO | Found 149 files in data/raw
2026-07-08 21:53:44 +0200 | etl.transform.raw_to_bronze | INFO | Bronze layer load finished. Success: 149, Errors: 0
2026-07-08 21:53:44 +0200 | etl.transform.bronze_to_silver | INFO | View SILVER_MID_CURRENCIES_RATES created.
2026-07-08 21:53:44 +0200 | etl.transform.bronze_to_silver | INFO | View SILVER_BUY_SELL_CURRENCIES created.
2026-07-08 21:53:44 +0200 | etl.transform.bronze_to_silver | INFO | View SILVER_GOLD_RATES created.
2026-07-08 21:53:44 +0200 | etl.transform.bronze_to_silver | INFO | View GOLD_WEALTH_INDEX created.
2026-07-08 21:53:44 +0200 | etl.transform.bronze_to_silver | INFO | Silver layer load finished. 4 views added to db.
2026-07-09 22:02:10 +0200 | __main__ | INFO | Found 1 missing dates.
2026-07-09 22:02:10 +0200 | __main__ | INFO | Starting Reactive Backfill for 1 days.
2026-07-09 22:02:10 +0200 | etl.extract.get_raw_data | INFO | Config file loaded.
2026-07-09 22:02:10 +0200 | etl.extract.get_raw_data | INFO | API request for main successful.
2026-07-09 22:02:10 +0200 | etl.extract.get_raw_data | INFO | Raw data for main saved at data/raw/year=2026/month=07/day=09
2026-07-09 22:02:10 +0200 | etl.extract.get_raw_data | INFO | Config file loaded.
2026-07-09 22:02:11 +0200 | etl.extract.get_raw_data | INFO | Brak danych w NBP. Prawdopodobnie święto. Pomijam datę.
2026-07-09 22:02:11 +0200 | etl.extract.get_raw_data | INFO | Config file loaded.
2026-07-09 22:02:11 +0200 | etl.extract.get_raw_data | INFO | API request for buy_sell successful.
2026-07-09 22:02:11 +0200 | etl.extract.get_raw_data | INFO | Raw data for buy_sell saved at data/raw/year=2026/month=07/day=09
2026-07-09 22:02:11 +0200 | etl.extract.get_raw_data | INFO | Config file loaded.
2026-07-09 22:02:12 +0200 | etl.extract.get_raw_data | INFO | API request for gold successful.
2026-07-09 22:02:12 +0200 | etl.extract.get_raw_data | INFO | Raw data for gold saved at data/raw/year=2026/month=07/day=09
2026-07-09 22:02:12 +0200 | __main__ | INFO | Starting current rates download (Daily Load)...
2026-07-09 22:02:12 +0200 | etl.extract.get_raw_data | INFO | Config file loaded.
2026-07-09 22:02:12 +0200 | etl.extract.get_raw_data | INFO | API request for main successful.
2026-07-09 22:02:12 +0200 | etl.extract.get_raw_data | INFO | Raw data for main saved at data/raw/year=2026/month=07/day=09
2026-07-09 22:02:12 +0200 | etl.extract.get_raw_data | INFO | Config file loaded.
2026-07-09 22:02:13 +0200 | etl.extract.get_raw_data | INFO | API request for alt successful.
2026-07-09 22:02:13 +0200 | etl.extract.get_raw_data | INFO | Raw data for alt saved at data/raw/year=2026/month=07/day=09
2026-07-09 22:02:13 +0200 | etl.extract.get_raw_data | INFO | Config file loaded.
2026-07-09 22:02:17 +0200 | etl.extract.get_raw_data | INFO | API request for buy_sell successful.
2026-07-09 22:02:17 +0200 | etl.extract.get_raw_data | INFO | Raw data for buy_sell saved at data/raw/year=2026/month=07/day=09
2026-07-09 22:02:17 +0200 | etl.extract.get_raw_data | INFO | Config file loaded.
2026-07-09 22:02:18 +0200 | etl.extract.get_raw_data | INFO | API request for gold successful.
2026-07-09 22:02:18 +0200 | etl.extract.get_raw_data | INFO | Raw data for gold saved at data/raw/year=2026/month=07/day=09
2026-07-09 22:02:18 +0200 | etl.transform.raw_to_bronze | INFO | Found 153 files in data/raw
2026-07-09 22:02:18 +0200 | etl.transform.raw_to_bronze | INFO | Bronze layer load finished. Success: 153, Errors: 0
2026-07-09 22:02:18 +0200 | etl.transform.bronze_to_silver | INFO | View SILVER_MID_CURRENCIES_RATES created.
2026-07-09 22:02:18 +0200 | etl.transform.bronze_to_silver | INFO | View SILVER_BUY_SELL_CURRENCIES created.
2026-07-09 22:02:18 +0200 | etl.transform.bronze_to_silver | INFO | View SILVER_GOLD_RATES created.
2026-07-09 22:02:18 +0200 | etl.transform.bronze_to_silver | INFO | View GOLD_WEALTH_INDEX created.
2026-07-09 22:02:18 +0200 | etl.transform.bronze_to_silver | INFO | Silver layer load finished. 4 views added to db.
2026-07-10 21:49:06 +0200 | __main__ | INFO | Found 1 missing dates.
2026-07-10 21:49:06 +0200 | __main__ | INFO | Starting Reactive Backfill for 1 days.
2026-07-10 21:49:06 +0200 | etl.extract.get_raw_data | INFO | Config file loaded.
2026-07-10 21:49:07 +0200 | etl.extract.get_raw_data | INFO | API request for main successful.
2026-07-10 21:49:07 +0200 | etl.extract.get_raw_data | INFO | Raw data for main saved at data/raw/year=2026/month=07/day=10
2026-07-10 21:49:07 +0200 | etl.extract.get_raw_data | INFO | Config file loaded.
2026-07-10 21:49:07 +0200 | etl.extract.get_raw_data | INFO | Brak danych w NBP. Prawdopodobnie święto. Pomijam datę.
2026-07-10 21:49:07 +0200 | etl.extract.get_raw_data | INFO | Config file loaded.
2026-07-10 21:49:08 +0200 | etl.extract.get_raw_data | INFO | API request for buy_sell successful.
2026-07-10 21:49:08 +0200 | etl.extract.get_raw_data | INFO | Raw data for buy_sell saved at data/raw/year=2026/month=07/day=10
2026-07-10 21:49:08 +0200 | etl.extract.get_raw_data | INFO | Config file loaded.
2026-07-10 21:49:09 +0200 | etl.extract.get_raw_data | INFO | API request for gold successful.
2026-07-10 21:49:09 +0200 | etl.extract.get_raw_data | INFO | Raw data for gold saved at data/raw/year=2026/month=07/day=10
2026-07-10 21:49:09 +0200 | __main__ | INFO | Starting current rates download (Daily Load)...
2026-07-10 21:49:09 +0200 | etl.extract.get_raw_data | INFO | Config file loaded.
2026-07-10 21:49:09 +0200 | etl.extract.get_raw_data | INFO | API request for main successful.
2026-07-10 21:49:09 +0200 | etl.extract.get_raw_data | INFO | Raw data for main saved at data/raw/year=2026/month=07/day=10
2026-07-10 21:49:09 +0200 | etl.extract.get_raw_data | INFO | Config file loaded.
2026-07-10 21:49:10 +0200 | etl.extract.get_raw_data | INFO | API request for alt successful.
2026-07-10 21:49:10 +0200 | etl.extract.get_raw_data | INFO | Raw data for alt saved at data/raw/year=2026/month=07/day=10
2026-07-10 21:49:10 +0200 | etl.extract.get_raw_data | INFO | Config file loaded.
2026-07-10 21:49:11 +0200 | etl.extract.get_raw_data | INFO | API request for buy_sell successful.
2026-07-10 21:49:11 +0200 | etl.extract.get_raw_data | INFO | Raw data for buy_sell saved at data/raw/year=2026/month=07/day=10
2026-07-10 21:49:11 +0200 | etl.extract.get_raw_data | INFO | Config file loaded.
2026-07-10 21:49:13 +0200 | etl.extract.get_raw_data | INFO | API request for gold successful.
2026-07-10 21:49:13 +0200 | etl.extract.get_raw_data | INFO | Raw data for gold saved at data/raw/year=2026/month=07/day=10
2026-07-10 21:49:13 +0200 | etl.transform.raw_to_bronze | INFO | Found 157 files in data/raw
2026-07-10 21:49:13 +0200 | etl.transform.raw_to_bronze | INFO | Bronze layer load finished. Success: 157, Errors: 0
2026-07-10 21:49:13 +0200 | etl.transform.bronze_to_silver | INFO | View SILVER_MID_CURRENCIES_RATES created.
2026-07-10 21:49:13 +0200 | etl.transform.bronze_to_silver | INFO | View SILVER_BUY_SELL_CURRENCIES created.
2026-07-10 21:49:13 +0200 | etl.transform.bronze_to_silver | INFO | View SILVER_GOLD_RATES created.
2026-07-10 21:49:13 +0200 | etl.transform.bronze_to_silver | INFO | View GOLD_WEALTH_INDEX created.
2026-07-10 21:49:13 +0200 | etl.transform.bronze_to_silver | INFO | Silver layer load finished. 4 views added to db.
2026-07-13 21:46:32 +0200 | __main__ | INFO | Found 1 missing dates.
2026-07-13 21:46:32 +0200 | __main__ | INFO | Starting Reactive Backfill for 1 days.
2026-07-13 21:46:32 +0200 | etl.extract.get_raw_data | INFO | Config file loaded.
2026-07-13 21:46:33 +0200 | etl.extract.get_raw_data | INFO | API request for main successful.
2026-07-13 21:46:33 +0200 | etl.extract.get_raw_data | INFO | Raw data for main saved at data/raw/year=2026/month=07/day=13
2026-07-13 21:46:33 +0200 | etl.extract.get_raw_data | INFO | Config file loaded.
2026-07-13 21:46:34 +0200 | etl.extract.get_raw_data | INFO | Brak danych w NBP. Prawdopodobnie święto. Pomijam datę.
2026-07-13 21:46:34 +0200 | etl.extract.get_raw_data | INFO | Config file loaded.
2026-07-13 21:46:35 +0200 | etl.extract.get_raw_data | INFO | API request for buy_sell successful.
2026-07-13 21:46:35 +0200 | etl.extract.get_raw_data | INFO | Raw data for buy_sell saved at data/raw/year=2026/month=07/day=13
2026-07-13 21:46:35 +0200 | etl.extract.get_raw_data | INFO | Config file loaded.
2026-07-13 21:46:35 +0200 | etl.extract.get_raw_data | INFO | API request for gold successful.
2026-07-13 21:46:35 +0200 | etl.extract.get_raw_data | INFO | Raw data for gold saved at data/raw/year=2026/month=07/day=13
2026-07-13 21:46:35 +0200 | __main__ | INFO | Starting current rates download (Daily Load)...
2026-07-13 21:46:35 +0200 | etl.extract.get_raw_data | INFO | Config file loaded.
2026-07-13 21:46:36 +0200 | etl.extract.get_raw_data | INFO | API request for main successful.
2026-07-13 21:46:36 +0200 | etl.extract.get_raw_data | INFO | Raw data for main saved at data/raw/year=2026/month=07/day=13
2026-07-13 21:46:36 +0200 | etl.extract.get_raw_data | INFO | Config file loaded.
2026-07-13 21:46:36 +0200 | etl.extract.get_raw_data | INFO | API request for alt successful.
2026-07-13 21:46:36 +0200 | etl.extract.get_raw_data | INFO | Raw data for alt saved at data/raw/year=2026/month=07/day=13
2026-07-13 21:46:36 +0200 | etl.extract.get_raw_data | INFO | Config file loaded.
2026-07-13 21:46:37 +0200 | etl.extract.get_raw_data | INFO | API request for buy_sell successful.
2026-07-13 21:46:37 +0200 | etl.extract.get_raw_data | INFO | Raw data for buy_sell saved at data/raw/year=2026/month=07/day=13
2026-07-13 21:46:37 +0200 | etl.extract.get_raw_data | INFO | Config file loaded.
2026-07-13 21:46:38 +0200 | etl.extract.get_raw_data | INFO | API request for gold successful.
2026-07-13 21:46:38 +0200 | etl.extract.get_raw_data | INFO | Raw data for gold saved at data/raw/year=2026/month=07/day=13
2026-07-13 21:46:38 +0200 | etl.transform.raw_to_bronze | INFO | Found 161 files in data/raw
2026-07-13 21:46:39 +0200 | etl.transform.raw_to_bronze | INFO | Bronze layer load finished. Success: 161, Errors: 0
2026-07-13 21:46:39 +0200 | etl.transform.bronze_to_silver | INFO | View SILVER_MID_CURRENCIES_RATES created.
2026-07-13 21:46:39 +0200 | etl.transform.bronze_to_silver | INFO | View SILVER_BUY_SELL_CURRENCIES created.
2026-07-13 21:46:39 +0200 | etl.transform.bronze_to_silver | INFO | View SILVER_GOLD_RATES created.
2026-07-13 21:46:39 +0200 | etl.transform.bronze_to_silver | INFO | View GOLD_WEALTH_INDEX created.
2026-07-13 21:46:39 +0200 | etl.transform.bronze_to_silver | INFO | Silver layer load finished. 4 views added to db.
2026-07-14 21:41:05 +0200 | __main__ | INFO | Found 1 missing dates.
2026-07-14 21:41:05 +0200 | __main__ | INFO | Starting Reactive Backfill for 1 days.
2026-07-14 21:41:05 +0200 | etl.extract.get_raw_data | INFO | Config file loaded.
2026-07-14 21:41:06 +0200 | etl.extract.get_raw_data | INFO | API request for main successful.
2026-07-14 21:41:06 +0200 | etl.extract.get_raw_data | INFO | Raw data for main saved at data/raw/year=2026/month=07/day=14
2026-07-14 21:41:06 +0200 | etl.extract.get_raw_data | INFO | Config file loaded.
2026-07-14 21:41:06 +0200 | etl.extract.get_raw_data | INFO | Brak danych w NBP. Prawdopodobnie święto. Pomijam datę.
2026-07-14 21:41:06 +0200 | etl.extract.get_raw_data | INFO | Config file loaded.
2026-07-14 21:41:07 +0200 | etl.extract.get_raw_data | INFO | API request for buy_sell successful.
2026-07-14 21:41:07 +0200 | etl.extract.get_raw_data | INFO | Raw data for buy_sell saved at data/raw/year=2026/month=07/day=14
2026-07-14 21:41:07 +0200 | etl.extract.get_raw_data | INFO | Config file loaded.
2026-07-14 21:41:07 +0200 | etl.extract.get_raw_data | INFO | API request for gold successful.
2026-07-14 21:41:07 +0200 | etl.extract.get_raw_data | INFO | Raw data for gold saved at data/raw/year=2026/month=07/day=14
2026-07-14 21:41:07 +0200 | __main__ | INFO | Starting current rates download (Daily Load)...
2026-07-14 21:41:07 +0200 | etl.extract.get_raw_data | INFO | Config file loaded.
2026-07-14 21:41:08 +0200 | etl.extract.get_raw_data | INFO | API request for main successful.
2026-07-14 21:41:08 +0200 | etl.extract.get_raw_data | INFO | Raw data for main saved at data/raw/year=2026/month=07/day=14
2026-07-14 21:41:08 +0200 | etl.extract.get_raw_data | INFO | Config file loaded.
2026-07-14 21:41:08 +0200 | etl.extract.get_raw_data | INFO | API request for alt successful.
2026-07-14 21:41:08 +0200 | etl.extract.get_raw_data | INFO | Raw data for alt saved at data/raw/year=2026/month=07/day=14
2026-07-14 21:41:08 +0200 | etl.extract.get_raw_data | INFO | Config file loaded.
2026-07-14 21:41:09 +0200 | etl.extract.get_raw_data | INFO | API request for buy_sell successful.
2026-07-14 21:41:09 +0200 | etl.extract.get_raw_data | INFO | Raw data for buy_sell saved at data/raw/year=2026/month=07/day=14
2026-07-14 21:41:09 +0200 | etl.extract.get_raw_data | INFO | Config file loaded.
2026-07-14 21:41:09 +0200 | etl.extract.get_raw_data | INFO | API request for gold successful.
2026-07-14 21:41:09 +0200 | etl.extract.get_raw_data | INFO | Raw data for gold saved at data/raw/year=2026/month=07/day=14
2026-07-14 21:41:09 +0200 | etl.transform.raw_to_bronze | INFO | Found 165 files in data/raw
2026-07-14 21:41:10 +0200 | etl.transform.raw_to_bronze | INFO | Bronze layer load finished. Success: 165, Errors: 0
2026-07-14 21:41:10 +0200 | etl.transform.bronze_to_silver | INFO | View SILVER_MID_CURRENCIES_RATES created.
2026-07-14 21:41:10 +0200 | etl.transform.bronze_to_silver | INFO | View SILVER_BUY_SELL_CURRENCIES created.
2026-07-14 21:41:10 +0200 | etl.transform.bronze_to_silver | INFO | View SILVER_GOLD_RATES created.
2026-07-14 21:41:10 +0200 | etl.transform.bronze_to_silver | INFO | View GOLD_WEALTH_INDEX created.
2026-07-14 21:41:10 +0200 | etl.transform.bronze_to_silver | INFO | Silver layer load finished. 4 views added to db.
2026-07-15 21:34:24 +0200 | __main__ | INFO | Found 1 missing dates.
2026-07-15 21:34:24 +0200 | __main__ | INFO | Starting Reactive Backfill for 1 days.
2026-07-15 21:34:24 +0200 | etl.extract.get_raw_data | INFO | Config file loaded.
2026-07-15 21:34:25 +0200 | etl.extract.get_raw_data | INFO | API request for main successful.
2026-07-15 21:34:25 +0200 | etl.extract.get_raw_data | INFO | Raw data for main saved at data/raw/year=2026/month=07/day=15
2026-07-15 21:34:25 +0200 | etl.extract.get_raw_data | INFO | Config file loaded.
2026-07-15 21:34:26 +0200 | etl.extract.get_raw_data | INFO | API request for alt successful.
2026-07-15 21:34:26 +0200 | etl.extract.get_raw_data | INFO | Raw data for alt saved at data/raw/year=2026/month=07/day=15
2026-07-15 21:34:26 +0200 | etl.extract.get_raw_data | INFO | Config file loaded.
2026-07-15 21:34:27 +0200 | etl.extract.get_raw_data | INFO | API request for buy_sell successful.
2026-07-15 21:34:27 +0200 | etl.extract.get_raw_data | INFO | Raw data for buy_sell saved at data/raw/year=2026/month=07/day=15
2026-07-15 21:34:27 +0200 | etl.extract.get_raw_data | INFO | Config file loaded.
2026-07-15 21:34:27 +0200 | etl.extract.get_raw_data | INFO | API request for gold successful.
2026-07-15 21:34:27 +0200 | etl.extract.get_raw_data | INFO | Raw data for gold saved at data/raw/year=2026/month=07/day=15
2026-07-15 21:34:27 +0200 | __main__ | INFO | Starting current rates download (Daily Load)...
2026-07-15 21:34:27 +0200 | etl.extract.get_raw_data | INFO | Config file loaded.
2026-07-15 21:34:28 +0200 | etl.extract.get_raw_data | INFO | API request for main successful.
2026-07-15 21:34:28 +0200 | etl.extract.get_raw_data | INFO | Raw data for main saved at data/raw/year=2026/month=07/day=15
2026-07-15 21:34:28 +0200 | etl.extract.get_raw_data | INFO | Config file loaded.
2026-07-15 21:34:29 +0200 | etl.extract.get_raw_data | INFO | API request for alt successful.
2026-07-15 21:34:29 +0200 | etl.extract.get_raw_data | INFO | Raw data for alt saved at data/raw/year=2026/month=07/day=15
2026-07-15 21:34:29 +0200 | etl.extract.get_raw_data | INFO | Config file loaded.
2026-07-15 21:34:29 +0200 | etl.extract.get_raw_data | INFO | API request for buy_sell successful.
2026-07-15 21:34:29 +0200 | etl.extract.get_raw_data | INFO | Raw data for buy_sell saved at data/raw/year=2026/month=07/day=15
2026-07-15 21:34:29 +0200 | etl.extract.get_raw_data | INFO | Config file loaded.
2026-07-15 21:34:30 +0200 | etl.extract.get_raw_data | INFO | API request for gold successful.
2026-07-15 21:34:30 +0200 | etl.extract.get_raw_data | INFO | Raw data for gold saved at data/raw/year=2026/month=07/day=15
2026-07-15 21:34:30 +0200 | etl.transform.raw_to_bronze | INFO | Found 169 files in data/raw
2026-07-15 21:34:31 +0200 | etl.transform.raw_to_bronze | INFO | Bronze layer load finished. Success: 169, Errors: 0
2026-07-15 21:34:31 +0200 | etl.transform.bronze_to_silver | INFO | View SILVER_MID_CURRENCIES_RATES created.
2026-07-15 21:34:31 +0200 | etl.transform.bronze_to_silver | INFO | View SILVER_BUY_SELL_CURRENCIES created.
2026-07-15 21:34:31 +0200 | etl.transform.bronze_to_silver | INFO | View SILVER_GOLD_RATES created.
2026-07-15 21:34:31 +0200 | etl.transform.bronze_to_silver | INFO | View GOLD_WEALTH_INDEX created.
2026-07-15 21:34:31 +0200 | etl.transform.bronze_to_silver | INFO | Silver layer load finished. 4 views added to db.
2026-07-16 21:32:43 +0200 | __main__ | INFO | Found 1 missing dates.
2026-07-16 21:32:43 +0200 | __main__ | INFO | Starting Reactive Backfill for 1 days.
2026-07-16 21:32:43 +0200 | etl.extract.get_raw_data | INFO | Config file loaded.
2026-07-16 21:32:44 +0200 | etl.extract.get_raw_data | INFO | API request for main successful.
2026-07-16 21:32:44 +0200 | etl.extract.get_raw_data | INFO | Raw data for main saved at data/raw/year=2026/month=07/day=16
2026-07-16 21:32:44 +0200 | etl.extract.get_raw_data | INFO | Config file loaded.
2026-07-16 21:32:45 +0200 | etl.extract.get_raw_data | INFO | Brak danych w NBP. Prawdopodobnie święto. Pomijam datę.
2026-07-16 21:32:45 +0200 | etl.extract.get_raw_data | INFO | Config file loaded.
2026-07-16 21:32:46 +0200 | etl.extract.get_raw_data | INFO | API request for buy_sell successful.
2026-07-16 21:32:46 +0200 | etl.extract.get_raw_data | INFO | Raw data for buy_sell saved at data/raw/year=2026/month=07/day=16
2026-07-16 21:32:46 +0200 | etl.extract.get_raw_data | INFO | Config file loaded.
2026-07-16 21:32:47 +0200 | etl.extract.get_raw_data | INFO | API request for gold successful.
2026-07-16 21:32:47 +0200 | etl.extract.get_raw_data | INFO | Raw data for gold saved at data/raw/year=2026/month=07/day=16
2026-07-16 21:32:47 +0200 | __main__ | INFO | Starting current rates download (Daily Load)...
2026-07-16 21:32:47 +0200 | etl.extract.get_raw_data | INFO | Config file loaded.
2026-07-16 21:32:47 +0200 | etl.extract.get_raw_data | INFO | API request for main successful.
2026-07-16 21:32:47 +0200 | etl.extract.get_raw_data | INFO | Raw data for main saved at data/raw/year=2026/month=07/day=16
2026-07-16 21:32:47 +0200 | etl.extract.get_raw_data | INFO | Config file loaded.
2026-07-16 21:32:48 +0200 | etl.extract.get_raw_data | INFO | API request for alt successful.
2026-07-16 21:32:48 +0200 | etl.extract.get_raw_data | INFO | Raw data for alt saved at data/raw/year=2026/month=07/day=16
2026-07-16 21:32:48 +0200 | etl.extract.get_raw_data | INFO | Config file loaded.
2026-07-16 21:32:48 +0200 | etl.extract.get_raw_data | INFO | API request for buy_sell successful.
2026-07-16 21:32:48 +0200 | etl.extract.get_raw_data | INFO | Raw data for buy_sell saved at data/raw/year=2026/month=07/day=16
2026-07-16 21:32:48 +0200 | etl.extract.get_raw_data | INFO | Config file loaded.
2026-07-16 21:32:49 +0200 | etl.extract.get_raw_data | INFO | API request for gold successful.
2026-07-16 21:32:49 +0200 | etl.extract.get_raw_data | INFO | Raw data for gold saved at data/raw/year=2026/month=07/day=16
2026-07-16 21:32:49 +0200 | etl.transform.raw_to_bronze | INFO | Found 173 files in data/raw
2026-07-16 21:32:50 +0200 | etl.transform.raw_to_bronze | INFO | Bronze layer load finished. Success: 173, Errors: 0
2026-07-16 21:32:50 +0200 | etl.transform.bronze_to_silver | INFO | View SILVER_MID_CURRENCIES_RATES created.
2026-07-16 21:32:50 +0200 | etl.transform.bronze_to_silver | INFO | View SILVER_BUY_SELL_CURRENCIES created.
2026-07-16 21:32:50 +0200 | etl.transform.bronze_to_silver | INFO | View SILVER_GOLD_RATES created.
2026-07-16 21:32:50 +0200 | etl.transform.bronze_to_silver | INFO | View GOLD_WEALTH_INDEX created.
2026-07-16 21:32:50 +0200 | etl.transform.bronze_to_silver | INFO | Silver layer load finished. 4 views added to db.
2026-07-17 21:30:25 +0200 | __main__ | INFO | Found 1 missing dates.
2026-07-17 21:30:25 +0200 | __main__ | INFO | Starting Reactive Backfill for 1 days.
2026-07-17 21:30:25 +0200 | etl.extract.get_raw_data | INFO | Config file loaded.
2026-07-17 21:30:25 +0200 | etl.extract.get_raw_data | INFO | API request for main successful.
2026-07-17 21:30:25 +0200 | etl.extract.get_raw_data | INFO | Raw data for main saved at data/raw/year=2026/month=07/day=17
2026-07-17 21:30:25 +0200 | etl.extract.get_raw_data | INFO | Config file loaded.
2026-07-17 21:30:26 +0200 | etl.extract.get_raw_data | INFO | Brak danych w NBP. Prawdopodobnie święto. Pomijam datę.
2026-07-17 21:30:26 +0200 | etl.extract.get_raw_data | INFO | Config file loaded.
2026-07-17 21:30:27 +0200 | etl.extract.get_raw_data | INFO | API request for buy_sell successful.
2026-07-17 21:30:27 +0200 | etl.extract.get_raw_data | INFO | Raw data for buy_sell saved at data/raw/year=2026/month=07/day=17
2026-07-17 21:30:27 +0200 | etl.extract.get_raw_data | INFO | Config file loaded.
2026-07-17 21:30:27 +0200 | etl.extract.get_raw_data | INFO | API request for gold successful.
2026-07-17 21:30:27 +0200 | etl.extract.get_raw_data | INFO | Raw data for gold saved at data/raw/year=2026/month=07/day=17
2026-07-17 21:30:27 +0200 | __main__ | INFO | Starting current rates download (Daily Load)...
2026-07-17 21:30:27 +0200 | etl.extract.get_raw_data | INFO | Config file loaded.
2026-07-17 21:30:28 +0200 | etl.extract.get_raw_data | INFO | API request for main successful.
2026-07-17 21:30:28 +0200 | etl.extract.get_raw_data | INFO | Raw data for main saved at data/raw/year=2026/month=07/day=17
2026-07-17 21:30:28 +0200 | etl.extract.get_raw_data | INFO | Config file loaded.
2026-07-17 21:30:28 +0200 | etl.extract.get_raw_data | INFO | API request for alt successful.
2026-07-17 21:30:28 +0200 | etl.extract.get_raw_data | INFO | Raw data for alt saved at data/raw/year=2026/month=07/day=17
2026-07-17 21:30:28 +0200 | etl.extract.get_raw_data | INFO | Config file loaded.
2026-07-17 21:30:29 +0200 | etl.extract.get_raw_data | INFO | API request for buy_sell successful.
2026-07-17 21:30:29 +0200 | etl.extract.get_raw_data | INFO | Raw data for buy_sell saved at data/raw/year=2026/month=07/day=17
2026-07-17 21:30:29 +0200 | etl.extract.get_raw_data | INFO | Config file loaded.
2026-07-17 21:30:30 +0200 | etl.extract.get_raw_data | INFO | API request for gold successful.
2026-07-17 21:30:30 +0200 | etl.extract.get_raw_data | INFO | Raw data for gold saved at data/raw/year=2026/month=07/day=17
2026-07-17 21:30:30 +0200 | etl.transform.raw_to_bronze | INFO | Found 177 files in data/raw
2026-07-17 21:30:30 +0200 | etl.transform.raw_to_bronze | INFO | Bronze layer load finished. Success: 177, Errors: 0
2026-07-17 21:30:30 +0200 | etl.transform.bronze_to_silver | INFO | View SILVER_MID_CURRENCIES_RATES created.
2026-07-17 21:30:30 +0200 | etl.transform.bronze_to_silver | INFO | View SILVER_BUY_SELL_CURRENCIES created.
2026-07-17 21:30:30 +0200 | etl.transform.bronze_to_silver | INFO | View SILVER_GOLD_RATES created.
2026-07-17 21:30:30 +0200 | etl.transform.bronze_to_silver | INFO | View GOLD_WEALTH_INDEX created.
2026-07-17 21:30:30 +0200 | etl.transform.bronze_to_silver | INFO | Silver layer load finished. 4 views added to db.
2026-07-20 21:54:34 +0200 | __main__ | INFO | Found 1 missing dates.
2026-07-20 21:54:34 +0200 | __main__ | INFO | Starting Reactive Backfill for 1 days.
2026-07-20 21:54:34 +0200 | etl.extract.get_raw_data | INFO | Config file loaded.
2026-07-20 21:54:34 +0200 | etl.extract.get_raw_data | INFO | API request for main successful.
2026-07-20 21:54:34 +0200 | etl.extract.get_raw_data | INFO | Raw data for main saved at data/raw/year=2026/month=07/day=20
2026-07-20 21:54:34 +0200 | etl.extract.get_raw_data | INFO | Config file loaded.
2026-07-20 21:54:35 +0200 | etl.extract.get_raw_data | INFO | Brak danych w NBP. Prawdopodobnie święto. Pomijam datę.
2026-07-20 21:54:35 +0200 | etl.extract.get_raw_data | INFO | Config file loaded.
2026-07-20 21:54:36 +0200 | etl.extract.get_raw_data | INFO | API request for buy_sell successful.
2026-07-20 21:54:36 +0200 | etl.extract.get_raw_data | INFO | Raw data for buy_sell saved at data/raw/year=2026/month=07/day=20
2026-07-20 21:54:36 +0200 | etl.extract.get_raw_data | INFO | Config file loaded.
2026-07-20 21:54:36 +0200 | etl.extract.get_raw_data | INFO | API request for gold successful.
2026-07-20 21:54:36 +0200 | etl.extract.get_raw_data | INFO | Raw data for gold saved at data/raw/year=2026/month=07/day=20
2026-07-20 21:54:36 +0200 | __main__ | INFO | Starting current rates download (Daily Load)...
2026-07-20 21:54:36 +0200 | etl.extract.get_raw_data | INFO | Config file loaded.
2026-07-20 21:54:37 +0200 | etl.extract.get_raw_data | INFO | API request for main successful.
2026-07-20 21:54:37 +0200 | etl.extract.get_raw_data | INFO | Raw data for main saved at data/raw/year=2026/month=07/day=20
2026-07-20 21:54:37 +0200 | etl.extract.get_raw_data | INFO | Config file loaded.
2026-07-20 21:54:38 +0200 | etl.extract.get_raw_data | INFO | API request for alt successful.
2026-07-20 21:54:38 +0200 | etl.extract.get_raw_data | INFO | Raw data for alt saved at data/raw/year=2026/month=07/day=20
2026-07-20 21:54:38 +0200 | etl.extract.get_raw_data | INFO | Config file loaded.
2026-07-20 21:54:38 +0200 | etl.extract.get_raw_data | INFO | API request for buy_sell successful.
2026-07-20 21:54:38 +0200 | etl.extract.get_raw_data | INFO | Raw data for buy_sell saved at data/raw/year=2026/month=07/day=20
2026-07-20 21:54:38 +0200 | etl.extract.get_raw_data | INFO | Config file loaded.
2026-07-20 21:54:39 +0200 | etl.extract.get_raw_data | INFO | API request for gold successful.
2026-07-20 21:54:39 +0200 | etl.extract.get_raw_data | INFO | Raw data for gold saved at data/raw/year=2026/month=07/day=20
2026-07-20 21:54:39 +0200 | etl.transform.raw_to_bronze | INFO | Found 181 files in data/raw
2026-07-20 21:54:40 +0200 | etl.transform.raw_to_bronze | INFO | Bronze layer load finished. Success: 181, Errors: 0
2026-07-20 21:54:40 +0200 | etl.transform.bronze_to_silver | INFO | View SILVER_MID_CURRENCIES_RATES created.
2026-07-20 21:54:40 +0200 | etl.transform.bronze_to_silver | INFO | View SILVER_BUY_SELL_CURRENCIES created.
2026-07-20 21:54:40 +0200 | etl.transform.bronze_to_silver | INFO | View SILVER_GOLD_RATES created.
2026-07-20 21:54:40 +0200 | etl.transform.bronze_to_silver | INFO | View GOLD_WEALTH_INDEX created.
2026-07-20 21:54:40 +0200 | etl.transform.bronze_to_silver | INFO | Silver layer load finished. 4 views added to db.
2026-07-21 21:49:09 +0200 | __main__ | INFO | Found 1 missing dates.
2026-07-21 21:49:09 +0200 | __main__ | INFO | Starting Reactive Backfill for 1 days.
2026-07-21 21:49:09 +0200 | etl.extract.get_raw_data | INFO | Config file loaded.
2026-07-21 21:49:10 +0200 | etl.extract.get_raw_data | INFO | API request for main successful.
2026-07-21 21:49:10 +0200 | etl.extract.get_raw_data | INFO | Raw data for main saved at data/raw/year=2026/month=07/day=21
2026-07-21 21:49:10 +0200 | etl.extract.get_raw_data | INFO | Config file loaded.
2026-07-21 21:49:11 +0200 | etl.extract.get_raw_data | INFO | Brak danych w NBP. Prawdopodobnie święto. Pomijam datę.
2026-07-21 21:49:11 +0200 | etl.extract.get_raw_data | INFO | Config file loaded.
2026-07-21 21:49:11 +0200 | etl.extract.get_raw_data | INFO | API request for buy_sell successful.
2026-07-21 21:49:11 +0200 | etl.extract.get_raw_data | INFO | Raw data for buy_sell saved at data/raw/year=2026/month=07/day=21
2026-07-21 21:49:11 +0200 | etl.extract.get_raw_data | INFO | Config file loaded.
2026-07-21 21:49:12 +0200 | etl.extract.get_raw_data | INFO | API request for gold successful.
2026-07-21 21:49:12 +0200 | etl.extract.get_raw_data | INFO | Raw data for gold saved at data/raw/year=2026/month=07/day=21
2026-07-21 21:49:12 +0200 | __main__ | INFO | Starting current rates download (Daily Load)...
2026-07-21 21:49:12 +0200 | etl.extract.get_raw_data | INFO | Config file loaded.
2026-07-21 21:49:13 +0200 | etl.extract.get_raw_data | INFO | API request for main successful.
2026-07-21 21:49:13 +0200 | etl.extract.get_raw_data | INFO | Raw data for main saved at data/raw/year=2026/month=07/day=21
2026-07-21 21:49:13 +0200 | etl.extract.get_raw_data | INFO | Config file loaded.
2026-07-21 21:49:13 +0200 | etl.extract.get_raw_data | INFO | API request for alt successful.
2026-07-21 21:49:13 +0200 | etl.extract.get_raw_data | INFO | Raw data for alt saved at data/raw/year=2026/month=07/day=21
2026-07-21 21:49:13 +0200 | etl.extract.get_raw_data | INFO | Config file loaded.
2026-07-21 21:49:14 +0200 | etl.extract.get_raw_data | INFO | API request for buy_sell successful.
2026-07-21 21:49:14 +0200 | etl.extract.get_raw_data | INFO | Raw data for buy_sell saved at data/raw/year=2026/month=07/day=21
2026-07-21 21:49:14 +0200 | etl.extract.get_raw_data | INFO | Config file loaded.
2026-07-21 21:49:14 +0200 | etl.extract.get_raw_data | INFO | API request for gold successful.
2026-07-21 21:49:14 +0200 | etl.extract.get_raw_data | INFO | Raw data for gold saved at data/raw/year=2026/month=07/day=21
2026-07-21 21:49:14 +0200 | etl.transform.raw_to_bronze | INFO | Found 185 files in data/raw
2026-07-21 21:49:15 +0200 | etl.transform.raw_to_bronze | INFO | Bronze layer load finished. Success: 185, Errors: 0
2026-07-21 21:49:15 +0200 | etl.transform.bronze_to_silver | INFO | View SILVER_MID_CURRENCIES_RATES created.
2026-07-21 21:49:15 +0200 | etl.transform.bronze_to_silver | INFO | View SILVER_BUY_SELL_CURRENCIES created.
2026-07-21 21:49:15 +0200 | etl.transform.bronze_to_silver | INFO | View SILVER_GOLD_RATES created.
2026-07-21 21:49:15 +0200 | etl.transform.bronze_to_silver | INFO | View GOLD_WEALTH_INDEX created.
2026-07-21 21:49:15 +0200 | etl.transform.bronze_to_silver | INFO | Silver layer load finished. 4 views added to db.
2026-07-22 21:41:05 +0200 | __main__ | INFO | Found 1 missing dates.
2026-07-22 21:41:05 +0200 | __main__ | INFO | Starting Reactive Backfill for 1 days.
2026-07-22 21:41:05 +0200 | etl.extract.get_raw_data | INFO | Config file loaded.
2026-07-22 21:41:06 +0200 | etl.extract.get_raw_data | INFO | API request for main successful.
2026-07-22 21:41:06 +0200 | etl.extract.get_raw_data | INFO | Raw data for main saved at data/raw/year=2026/month=07/day=22
2026-07-22 21:41:06 +0200 | etl.extract.get_raw_data | INFO | Config file loaded.
2026-07-22 21:41:07 +0200 | etl.extract.get_raw_data | INFO | API request for alt successful.
2026-07-22 21:41:07 +0200 | etl.extract.get_raw_data | INFO | Raw data for alt saved at data/raw/year=2026/month=07/day=22
2026-07-22 21:41:07 +0200 | etl.extract.get_raw_data | INFO | Config file loaded.
2026-07-22 21:41:07 +0200 | etl.extract.get_raw_data | INFO | API request for buy_sell successful.
2026-07-22 21:41:07 +0200 | etl.extract.get_raw_data | INFO | Raw data for buy_sell saved at data/raw/year=2026/month=07/day=22
2026-07-22 21:41:07 +0200 | etl.extract.get_raw_data | INFO | Config file loaded.
2026-07-22 21:41:08 +0200 | etl.extract.get_raw_data | INFO | API request for gold successful.
2026-07-22 21:41:08 +0200 | etl.extract.get_raw_data | INFO | Raw data for gold saved at data/raw/year=2026/month=07/day=22
2026-07-22 21:41:08 +0200 | __main__ | INFO | Starting current rates download (Daily Load)...
2026-07-22 21:41:08 +0200 | etl.extract.get_raw_data | INFO | Config file loaded.
2026-07-22 21:41:09 +0200 | etl.extract.get_raw_data | INFO | API request for main successful.
2026-07-22 21:41:09 +0200 | etl.extract.get_raw_data | INFO | Raw data for main saved at data/raw/year=2026/month=07/day=22
2026-07-22 21:41:09 +0200 | etl.extract.get_raw_data | INFO | Config file loaded.
2026-07-22 21:41:09 +0200 | etl.extract.get_raw_data | INFO | API request for alt successful.
2026-07-22 21:41:09 +0200 | etl.extract.get_raw_data | INFO | Raw data for alt saved at data/raw/year=2026/month=07/day=22
2026-07-22 21:41:09 +0200 | etl.extract.get_raw_data | INFO | Config file loaded.
2026-07-22 21:41:10 +0200 | etl.extract.get_raw_data | INFO | API request for buy_sell successful.
2026-07-22 21:41:10 +0200 | etl.extract.get_raw_data | INFO | Raw data for buy_sell saved at data/raw/year=2026/month=07/day=22
2026-07-22 21:41:11 +0200 | etl.extract.get_raw_data | INFO | Config file loaded.
2026-07-22 21:41:11 +0200 | etl.extract.get_raw_data | INFO | API request for gold successful.
2026-07-22 21:41:11 +0200 | etl.extract.get_raw_data | INFO | Raw data for gold saved at data/raw/year=2026/month=07/day=22
2026-07-22 21:41:12 +0200 | etl.transform.raw_to_bronze | INFO | Found 189 files in data/raw
2026-07-22 21:41:13 +0200 | etl.transform.raw_to_bronze | INFO | Bronze layer load finished. Success: 189, Errors: 0
2026-07-22 21:41:13 +0200 | etl.transform.bronze_to_silver | INFO | View SILVER_MID_CURRENCIES_RATES created.
2026-07-22 21:41:13 +0200 | etl.transform.bronze_to_silver | INFO | View SILVER_BUY_SELL_CURRENCIES created.
2026-07-22 21:41:13 +0200 | etl.transform.bronze_to_silver | INFO | View SILVER_GOLD_RATES created.
2026-07-22 21:41:13 +0200 | etl.transform.bronze_to_silver | INFO | View GOLD_WEALTH_INDEX created.
2026-07-22 21:41:13 +0200 | etl.transform.bronze_to_silver | INFO | Silver layer load finished. 4 views added to db.
2026-07-23 21:43:55 +0200 | __main__ | INFO | Found 1 missing dates.
2026-07-23 21:43:55 +0200 | __main__ | INFO | Starting Reactive Backfill for 1 days.
2026-07-23 21:43:55 +0200 | etl.extract.get_raw_data | INFO | Config file loaded.
2026-07-23 21:43:56 +0200 | etl.extract.get_raw_data | INFO | API request for main successful.
2026-07-23 21:43:56 +0200 | etl.extract.get_raw_data | INFO | Raw data for main saved at data/raw/year=2026/month=07/day=23
2026-07-23 21:43:56 +0200 | etl.extract.get_raw_data | INFO | Config file loaded.
2026-07-23 21:43:56 +0200 | etl.extract.get_raw_data | INFO | Brak danych w NBP. Prawdopodobnie święto. Pomijam datę.
2026-07-23 21:43:56 +0200 | etl.extract.get_raw_data | INFO | Config file loaded.
2026-07-23 21:43:57 +0200 | etl.extract.get_raw_data | INFO | API request for buy_sell successful.
2026-07-23 21:43:57 +0200 | etl.extract.get_raw_data | INFO | Raw data for buy_sell saved at data/raw/year=2026/month=07/day=23
2026-07-23 21:43:57 +0200 | etl.extract.get_raw_data | INFO | Config file loaded.
2026-07-23 21:43:57 +0200 | etl.extract.get_raw_data | INFO | API request for gold successful.
2026-07-23 21:43:57 +0200 | etl.extract.get_raw_data | INFO | Raw data for gold saved at data/raw/year=2026/month=07/day=23
2026-07-23 21:43:57 +0200 | __main__ | INFO | Starting current rates download (Daily Load)...
2026-07-23 21:43:57 +0200 | etl.extract.get_raw_data | INFO | Config file loaded.
2026-07-23 21:43:58 +0200 | etl.extract.get_raw_data | INFO | API request for main successful.
2026-07-23 21:43:58 +0200 | etl.extract.get_raw_data | INFO | Raw data for main saved at data/raw/year=2026/month=07/day=23
2026-07-23 21:43:58 +0200 | etl.extract.get_raw_data | INFO | Config file loaded.
2026-07-23 21:43:58 +0200 | etl.extract.get_raw_data | INFO | API request for alt successful.
2026-07-23 21:43:58 +0200 | etl.extract.get_raw_data | INFO | Raw data for alt saved at data/raw/year=2026/month=07/day=23
2026-07-23 21:43:58 +0200 | etl.extract.get_raw_data | INFO | Config file loaded.
2026-07-23 21:43:59 +0200 | etl.extract.get_raw_data | INFO | API request for buy_sell successful.
2026-07-23 21:43:59 +0200 | etl.extract.get_raw_data | INFO | Raw data for buy_sell saved at data/raw/year=2026/month=07/day=23
2026-07-23 21:43:59 +0200 | etl.extract.get_raw_data | INFO | Config file loaded.
2026-07-23 21:43:59 +0200 | etl.extract.get_raw_data | INFO | API request for gold successful.
2026-07-23 21:43:59 +0200 | etl.extract.get_raw_data | INFO | Raw data for gold saved at data/raw/year=2026/month=07/day=23
2026-07-23 21:43:59 +0200 | etl.transform.raw_to_bronze | INFO | Found 193 files in data/raw
2026-07-23 21:44:00 +0200 | etl.transform.raw_to_bronze | INFO | Bronze layer load finished. Success: 193, Errors: 0
2026-07-23 21:44:00 +0200 | etl.transform.bronze_to_silver | INFO | View SILVER_MID_CURRENCIES_RATES created.
2026-07-23 21:44:00 +0200 | etl.transform.bronze_to_silver | INFO | View SILVER_BUY_SELL_CURRENCIES created.
2026-07-23 21:44:00 +0200 | etl.transform.bronze_to_silver | INFO | View SILVER_GOLD_RATES created.
2026-07-23 21:44:00 +0200 | etl.transform.bronze_to_silver | INFO | View GOLD_WEALTH_INDEX created.
2026-07-23 21:44:00 +0200 | etl.transform.bronze_to_silver | INFO | Silver layer load finished. 4 views added to db.
2026-07-24 21:44:24 +0200 | __main__ | INFO | Found 1 missing dates.
2026-07-24 21:44:24 +0200 | __main__ | INFO | Starting Reactive Backfill for 1 days.
2026-07-24 21:44:24 +0200 | etl.extract.get_raw_data | INFO | Config file loaded.
2026-07-24 21:44:25 +0200 | etl.extract.get_raw_data | INFO | API request for main successful.
2026-07-24 21:44:25 +0200 | etl.extract.get_raw_data | INFO | Raw data for main saved at data/raw/year=2026/month=07/day=24
2026-07-24 21:44:25 +0200 | etl.extract.get_raw_data | INFO | Config file loaded.
2026-07-24 21:44:26 +0200 | etl.extract.get_raw_data | INFO | Brak danych w NBP. Prawdopodobnie święto. Pomijam datę.
2026-07-24 21:44:26 +0200 | etl.extract.get_raw_data | INFO | Config file loaded.
2026-07-24 21:44:27 +0200 | etl.extract.get_raw_data | INFO | API request for buy_sell successful.
2026-07-24 21:44:27 +0200 | etl.extract.get_raw_data | INFO | Raw data for buy_sell saved at data/raw/year=2026/month=07/day=24
2026-07-24 21:44:27 +0200 | etl.extract.get_raw_data | INFO | Config file loaded.
2026-07-24 21:44:27 +0200 | etl.extract.get_raw_data | INFO | API request for gold successful.
2026-07-24 21:44:27 +0200 | etl.extract.get_raw_data | INFO | Raw data for gold saved at data/raw/year=2026/month=07/day=24
2026-07-24 21:44:27 +0200 | __main__ | INFO | Starting current rates download (Daily Load)...
2026-07-24 21:44:27 +0200 | etl.extract.get_raw_data | INFO | Config file loaded.
2026-07-24 21:44:28 +0200 | etl.extract.get_raw_data | INFO | API request for main successful.
2026-07-24 21:44:28 +0200 | etl.extract.get_raw_data | INFO | Raw data for main saved at data/raw/year=2026/month=07/day=24
2026-07-24 21:44:28 +0200 | etl.extract.get_raw_data | INFO | Config file loaded.
2026-07-24 21:44:28 +0200 | etl.extract.get_raw_data | INFO | API request for alt successful.
2026-07-24 21:44:28 +0200 | etl.extract.get_raw_data | INFO | Raw data for alt saved at data/raw/year=2026/month=07/day=24
2026-07-24 21:44:28 +0200 | etl.extract.get_raw_data | INFO | Config file loaded.
2026-07-24 21:44:29 +0200 | etl.extract.get_raw_data | INFO | API request for buy_sell successful.
2026-07-24 21:44:29 +0200 | etl.extract.get_raw_data | INFO | Raw data for buy_sell saved at data/raw/year=2026/month=07/day=24
2026-07-24 21:44:29 +0200 | etl.extract.get_raw_data | INFO | Config file loaded.
2026-07-24 21:44:30 +0200 | etl.extract.get_raw_data | INFO | API request for gold successful.
2026-07-24 21:44:30 +0200 | etl.extract.get_raw_data | INFO | Raw data for gold saved at data/raw/year=2026/month=07/day=24
2026-07-24 21:44:30 +0200 | etl.transform.raw_to_bronze | INFO | Found 197 files in data/raw
2026-07-24 21:44:31 +0200 | etl.transform.raw_to_bronze | INFO | Bronze layer load finished. Success: 197, Errors: 0
2026-07-24 21:44:31 +0200 | etl.transform.bronze_to_silver | INFO | View SILVER_MID_CURRENCIES_RATES created.
2026-07-24 21:44:31 +0200 | etl.transform.bronze_to_silver | INFO | View SILVER_BUY_SELL_CURRENCIES created.
2026-07-24 21:44:31 +0200 | etl.transform.bronze_to_silver | INFO | View SILVER_GOLD_RATES created.
2026-07-24 21:44:31 +0200 | etl.transform.bronze_to_silver | INFO | View GOLD_WEALTH_INDEX created.
2026-07-24 21:44:31 +0200 | etl.transform.bronze_to_silver | INFO | Silver layer load finished. 4 views added to db.
2026-07-27 21:52:30 +0200 | __main__ | INFO | Found 1 missing dates.
2026-07-27 21:52:30 +0200 | __main__ | INFO | Starting Reactive Backfill for 1 days.
2026-07-27 21:52:30 +0200 | etl.extract.get_raw_data | INFO | Config file loaded.
2026-07-27 21:52:30 +0200 | etl.extract.get_raw_data | INFO | API request for main successful.
2026-07-27 21:52:30 +0200 | etl.extract.get_raw_data | INFO | Raw data for main saved at data/raw/year=2026/month=07/day=27
2026-07-27 21:52:30 +0200 | etl.extract.get_raw_data | INFO | Config file loaded.
2026-07-27 21:52:31 +0200 | etl.extract.get_raw_data | INFO | Brak danych w NBP. Prawdopodobnie święto. Pomijam datę.
2026-07-27 21:52:31 +0200 | etl.extract.get_raw_data | INFO | Config file loaded.
2026-07-27 21:52:31 +0200 | etl.extract.get_raw_data | INFO | API request for buy_sell successful.
2026-07-27 21:52:31 +0200 | etl.extract.get_raw_data | INFO | Raw data for buy_sell saved at data/raw/year=2026/month=07/day=27
2026-07-27 21:52:31 +0200 | etl.extract.get_raw_data | INFO | Config file loaded.
2026-07-27 21:52:32 +0200 | etl.extract.get_raw_data | INFO | API request for gold successful.
2026-07-27 21:52:32 +0200 | etl.extract.get_raw_data | INFO | Raw data for gold saved at data/raw/year=2026/month=07/day=27
2026-07-27 21:52:32 +0200 | __main__ | INFO | Starting current rates download (Daily Load)...
2026-07-27 21:52:32 +0200 | etl.extract.get_raw_data | INFO | Config file loaded.
2026-07-27 21:52:33 +0200 | etl.extract.get_raw_data | INFO | API request for main successful.
2026-07-27 21:52:33 +0200 | etl.extract.get_raw_data | INFO | Raw data for main saved at data/raw/year=2026/month=07/day=27
2026-07-27 21:52:33 +0200 | etl.extract.get_raw_data | INFO | Config file loaded.
2026-07-27 21:52:34 +0200 | etl.extract.get_raw_data | INFO | API request for alt successful.
2026-07-27 21:52:34 +0200 | etl.extract.get_raw_data | INFO | Raw data for alt saved at data/raw/year=2026/month=07/day=27
2026-07-27 21:52:34 +0200 | etl.extract.get_raw_data | INFO | Config file loaded.
2026-07-27 21:52:35 +0200 | etl.extract.get_raw_data | INFO | API request for buy_sell successful.
2026-07-27 21:52:35 +0200 | etl.extract.get_raw_data | INFO | Raw data for buy_sell saved at data/raw/year=2026/month=07/day=27
2026-07-27 21:52:35 +0200 | etl.extract.get_raw_data | INFO | Config file loaded.
2026-07-27 21:52:35 +0200 | etl.extract.get_raw_data | INFO | API request for gold successful.
2026-07-27 21:52:35 +0200 | etl.extract.get_raw_data | INFO | Raw data for gold saved at data/raw/year=2026/month=07/day=27
2026-07-27 21:52:35 +0200 | etl.transform.raw_to_bronze | INFO | Found 201 files in data/raw
2026-07-27 21:52:38 +0200 | etl.transform.raw_to_bronze | INFO | Bronze layer load finished. Success: 201, Errors: 0
2026-07-27 21:52:38 +0200 | etl.transform.bronze_to_silver | INFO | View SILVER_MID_CURRENCIES_RATES created.
2026-07-27 21:52:38 +0200 | etl.transform.bronze_to_silver | INFO | View SILVER_BUY_SELL_CURRENCIES created.
2026-07-27 21:52:38 +0200 | etl.transform.bronze_to_silver | INFO | View SILVER_GOLD_RATES created.
2026-07-27 21:52:38 +0200 | etl.transform.bronze_to_silver | INFO | View GOLD_WEALTH_INDEX created.
2026-07-27 21:52:38 +0200 | etl.transform.bronze_to_silver | INFO | Silver layer load finished. 4 views added to db.
2026-07-28 21:50:09 +0200 | __main__ | INFO | Found 1 missing dates.
2026-07-28 21:50:09 +0200 | __main__ | INFO | Starting Reactive Backfill for 1 days.
2026-07-28 21:50:09 +0200 | etl.extract.get_raw_data | INFO | Config file loaded.
2026-07-28 21:50:10 +0200 | etl.extract.get_raw_data | INFO | API request for main successful.
2026-07-28 21:50:10 +0200 | etl.extract.get_raw_data | INFO | Raw data for main saved at data/raw/year=2026/month=07/day=28
2026-07-28 21:50:10 +0200 | etl.extract.get_raw_data | INFO | Config file loaded.
2026-07-28 21:50:11 +0200 | etl.extract.get_raw_data | INFO | Brak danych w NBP. Prawdopodobnie święto. Pomijam datę.
2026-07-28 21:50:11 +0200 | etl.extract.get_raw_data | INFO | Config file loaded.
2026-07-28 21:50:11 +0200 | etl.extract.get_raw_data | INFO | API request for buy_sell successful.
2026-07-28 21:50:11 +0200 | etl.extract.get_raw_data | INFO | Raw data for buy_sell saved at data/raw/year=2026/month=07/day=28
2026-07-28 21:50:11 +0200 | etl.extract.get_raw_data | INFO | Config file loaded.
2026-07-28 21:50:12 +0200 | etl.extract.get_raw_data | INFO | API request for gold successful.
2026-07-28 21:50:12 +0200 | etl.extract.get_raw_data | INFO | Raw data for gold saved at data/raw/year=2026/month=07/day=28
2026-07-28 21:50:12 +0200 | __main__ | INFO | Starting current rates download (Daily Load)...
2026-07-28 21:50:12 +0200 | etl.extract.get_raw_data | INFO | Config file loaded.
2026-07-28 21:50:12 +0200 | etl.extract.get_raw_data | INFO | API request for main successful.
2026-07-28 21:50:12 +0200 | etl.extract.get_raw_data | INFO | Raw data for main saved at data/raw/year=2026/month=07/day=28
2026-07-28 21:50:12 +0200 | etl.extract.get_raw_data | INFO | Config file loaded.
2026-07-28 21:50:12 +0200 | etl.extract.get_raw_data | INFO | API request for alt successful.
2026-07-28 21:50:12 +0200 | etl.extract.get_raw_data | INFO | Raw data for alt saved at data/raw/year=2026/month=07/day=28
2026-07-28 21:50:12 +0200 | etl.extract.get_raw_data | INFO | Config file loaded.
2026-07-28 21:50:13 +0200 | etl.extract.get_raw_data | INFO | API request for buy_sell successful.
2026-07-28 21:50:13 +0200 | etl.extract.get_raw_data | INFO | Raw data for buy_sell saved at data/raw/year=2026/month=07/day=28
2026-07-28 21:50:13 +0200 | etl.extract.get_raw_data | INFO | Config file loaded.
2026-07-28 21:50:13 +0200 | etl.extract.get_raw_data | INFO | API request for gold successful.
2026-07-28 21:50:13 +0200 | etl.extract.get_raw_data | INFO | Raw data for gold saved at data/raw/year=2026/month=07/day=28
2026-07-28 21:50:13 +0200 | etl.transform.raw_to_bronze | INFO | Found 205 files in data/raw
2026-07-28 21:50:14 +0200 | etl.transform.raw_to_bronze | INFO | Bronze layer load finished. Success: 205, Errors: 0
2026-07-28 21:50:14 +0200 | etl.transform.bronze_to_silver | INFO | View SILVER_MID_CURRENCIES_RATES created.
2026-07-28 21:50:14 +0200 | etl.transform.bronze_to_silver | INFO | View SILVER_BUY_SELL_CURRENCIES created.
2026-07-28 21:50:14 +0200 | etl.transform.bronze_to_silver | INFO | View SILVER_GOLD_RATES created.
2026-07-28 21:50:14 +0200 | etl.transform.bronze_to_silver | INFO | View GOLD_WEALTH_INDEX created.
2026-07-28 21:50:14 +0200 | etl.transform.bronze_to_silver | INFO | Silver layer load finished. 4 views added to db.
2026-07-29 21:40:16 +0200 | __main__ | INFO | Found 1 missing dates.
2026-07-29 21:40:16 +0200 | __main__ | INFO | Starting Reactive Backfill for 1 days.
2026-07-29 21:40:16 +0200 | etl.extract.get_raw_data | INFO | Config file loaded.
2026-07-29 21:40:17 +0200 | etl.extract.get_raw_data | INFO | API request for main successful.
2026-07-29 21:40:17 +0200 | etl.extract.get_raw_data | INFO | Raw data for main saved at data/raw/year=2026/month=07/day=29
2026-07-29 21:40:17 +0200 | etl.extract.get_raw_data | INFO | Config file loaded.
2026-07-29 21:40:18 +0200 | etl.extract.get_raw_data | INFO | API request for alt successful.
2026-07-29 21:40:18 +0200 | etl.extract.get_raw_data | INFO | Raw data for alt saved at data/raw/year=2026/month=07/day=29
2026-07-29 21:40:18 +0200 | etl.extract.get_raw_data | INFO | Config file loaded.
2026-07-29 21:40:18 +0200 | etl.extract.get_raw_data | INFO | API request for buy_sell successful.
2026-07-29 21:40:18 +0200 | etl.extract.get_raw_data | INFO | Raw data for buy_sell saved at data/raw/year=2026/month=07/day=29
2026-07-29 21:40:18 +0200 | etl.extract.get_raw_data | INFO | Config file loaded.
2026-07-29 21:40:20 +0200 | etl.extract.get_raw_data | INFO | API request for gold successful.
2026-07-29 21:40:20 +0200 | etl.extract.get_raw_data | INFO | Raw data for gold saved at data/raw/year=2026/month=07/day=29
2026-07-29 21:40:20 +0200 | __main__ | INFO | Starting current rates download (Daily Load)...
2026-07-29 21:40:20 +0200 | etl.extract.get_raw_data | INFO | Config file loaded.
2026-07-29 21:40:20 +0200 | etl.extract.get_raw_data | INFO | API request for main successful.
2026-07-29 21:40:20 +0200 | etl.extract.get_raw_data | INFO | Raw data for main saved at data/raw/year=2026/month=07/day=29
2026-07-29 21:40:20 +0200 | etl.extract.get_raw_data | INFO | Config file loaded.
2026-07-29 21:40:21 +0200 | etl.extract.get_raw_data | INFO | API request for alt successful.
2026-07-29 21:40:21 +0200 | etl.extract.get_raw_data | INFO | Raw data for alt saved at data/raw/year=2026/month=07/day=29
2026-07-29 21:40:21 +0200 | etl.extract.get_raw_data | INFO | Config file loaded.
2026-07-29 21:40:21 +0200 | etl.extract.get_raw_data | INFO | API request for buy_sell successful.
2026-07-29 21:40:21 +0200 | etl.extract.get_raw_data | INFO | Raw data for buy_sell saved at data/raw/year=2026/month=07/day=29
2026-07-29 21:40:21 +0200 | etl.extract.get_raw_data | INFO | Config file loaded.
2026-07-29 21:40:22 +0200 | etl.extract.get_raw_data | INFO | API request for gold successful.
2026-07-29 21:40:22 +0200 | etl.extract.get_raw_data | INFO | Raw data for gold saved at data/raw/year=2026/month=07/day=29
2026-07-29 21:40:22 +0200 | etl.transform.raw_to_bronze | INFO | Found 209 files in data/raw
2026-07-29 21:40:23 +0200 | etl.transform.raw_to_bronze | INFO | Bronze layer load finished. Success: 209, Errors: 0
2026-07-29 21:40:23 +0200 | etl.transform.bronze_to_silver | INFO | View SILVER_MID_CURRENCIES_RATES created.
2026-07-29 21:40:23 +0200 | etl.transform.bronze_to_silver | INFO | View SILVER_BUY_SELL_CURRENCIES created.
2026-07-29 21:40:23 +0200 | etl.transform.bronze_to_silver | INFO | View SILVER_GOLD_RATES created.
2026-07-29 21:40:23 +0200 | etl.transform.bronze_to_silver | INFO | View GOLD_WEALTH_INDEX created.
2026-07-29 21:40:23 +0200 | etl.transform.bronze_to_silver | INFO | Silver layer load finished. 4 views added to db.
2026-07-30 21:48:45 +0200 | __main__ | INFO | Found 1 missing dates.
2026-07-30 21:48:45 +0200 | __main__ | INFO | Starting Reactive Backfill for 1 days.
2026-07-30 21:48:45 +0200 | etl.extract.get_raw_data | INFO | Config file loaded.
2026-07-30 21:48:46 +0200 | etl.extract.get_raw_data | INFO | API request for main successful.
2026-07-30 21:48:46 +0200 | etl.extract.get_raw_data | INFO | Raw data for main saved at data/raw/year=2026/month=07/day=30
2026-07-30 21:48:46 +0200 | etl.extract.get_raw_data | INFO | Config file loaded.
2026-07-30 21:48:47 +0200 | etl.extract.get_raw_data | INFO | Brak danych w NBP. Prawdopodobnie święto. Pomijam datę.
2026-07-30 21:48:47 +0200 | etl.extract.get_raw_data | INFO | Config file loaded.
2026-07-30 21:48:48 +0200 | etl.extract.get_raw_data | INFO | API request for buy_sell successful.
2026-07-30 21:48:48 +0200 | etl.extract.get_raw_data | INFO | Raw data for buy_sell saved at data/raw/year=2026/month=07/day=30
2026-07-30 21:48:48 +0200 | etl.extract.get_raw_data | INFO | Config file loaded.
2026-07-30 21:48:49 +0200 | etl.extract.get_raw_data | INFO | API request for gold successful.
2026-07-30 21:48:49 +0200 | etl.extract.get_raw_data | INFO | Raw data for gold saved at data/raw/year=2026/month=07/day=30
2026-07-30 21:48:49 +0200 | __main__ | INFO | Starting current rates download (Daily Load)...
2026-07-30 21:48:49 +0200 | etl.extract.get_raw_data | INFO | Config file loaded.
2026-07-30 21:48:50 +0200 | etl.extract.get_raw_data | INFO | API request for main successful.
2026-07-30 21:48:50 +0200 | etl.extract.get_raw_data | INFO | Raw data for main saved at data/raw/year=2026/month=07/day=30
2026-07-30 21:48:50 +0200 | etl.extract.get_raw_data | INFO | Config file loaded.
2026-07-30 21:48:51 +0200 | etl.extract.get_raw_data | INFO | API request for alt successful.
2026-07-30 21:48:51 +0200 | etl.extract.get_raw_data | INFO | Raw data for alt saved at data/raw/year=2026/month=07/day=30
2026-07-30 21:48:51 +0200 | etl.extract.get_raw_data | INFO | Config file loaded.
2026-07-30 21:48:51 +0200 | etl.extract.get_raw_data | INFO | API request for buy_sell successful.
2026-07-30 21:48:51 +0200 | etl.extract.get_raw_data | INFO | Raw data for buy_sell saved at data/raw/year=2026/month=07/day=30
2026-07-30 21:48:51 +0200 | etl.extract.get_raw_data | INFO | Config file loaded.
2026-07-30 21:48:52 +0200 | etl.extract.get_raw_data | INFO | API request for gold successful.
2026-07-30 21:48:52 +0200 | etl.extract.get_raw_data | INFO | Raw data for gold saved at data/raw/year=2026/month=07/day=30
2026-07-30 21:48:52 +0200 | etl.transform.raw_to_bronze | INFO | Found 213 files in data/raw
2026-07-30 21:48:53 +0200 | etl.transform.raw_to_bronze | INFO | Bronze layer load finished. Success: 213, Errors: 0
2026-07-30 21:48:53 +0200 | etl.transform.bronze_to_silver | INFO | View SILVER_MID_CURRENCIES_RATES created.
2026-07-30 21:48:53 +0200 | etl.transform.bronze_to_silver | INFO | View SILVER_BUY_SELL_CURRENCIES created.
2026-07-30 21:48:53 +0200 | etl.transform.bronze_to_silver | INFO | View SILVER_GOLD_RATES created.
2026-07-30 21:48:53 +0200 | etl.transform.bronze_to_silver | INFO | View GOLD_WEALTH_INDEX created.
2026-07-30 21:48:53 +0200 | etl.transform.bronze_to_silver | INFO | Silver layer load finished. 4 views added to db.
2026-07-31 21:49:41 +0200 | __main__ | INFO | Found 1 missing dates.
2026-07-31 21:49:41 +0200 | __main__ | INFO | Starting Reactive Backfill for 1 days.
2026-07-31 21:49:41 +0200 | etl.extract.get_raw_data | INFO | Config file loaded.
2026-07-31 21:49:43 +0200 | etl.extract.get_raw_data | INFO | API request for main successful.
2026-07-31 21:49:43 +0200 | etl.extract.get_raw_data | INFO | Raw data for main saved at data/raw/year=2026/month=07/day=31
2026-07-31 21:49:43 +0200 | etl.extract.get_raw_data | INFO | Config file loaded.
2026-07-31 21:49:43 +0200 | etl.extract.get_raw_data | INFO | Brak danych w NBP. Prawdopodobnie święto. Pomijam datę.
2026-07-31 21:49:43 +0200 | etl.extract.get_raw_data | INFO | Config file loaded.
2026-07-31 21:49:44 +0200 | etl.extract.get_raw_data | INFO | API request for buy_sell successful.
2026-07-31 21:49:44 +0200 | etl.extract.get_raw_data | INFO | Raw data for buy_sell saved at data/raw/year=2026/month=07/day=31
2026-07-31 21:49:44 +0200 | etl.extract.get_raw_data | INFO | Config file loaded.
2026-07-31 21:49:44 +0200 | etl.extract.get_raw_data | INFO | API request for gold successful.
2026-07-31 21:49:44 +0200 | etl.extract.get_raw_data | INFO | Raw data for gold saved at data/raw/year=2026/month=07/day=31
2026-07-31 21:49:44 +0200 | __main__ | INFO | Starting current rates download (Daily Load)...
2026-07-31 21:49:44 +0200 | etl.extract.get_raw_data | INFO | Config file loaded.
2026-07-31 21:49:45 +0200 | etl.extract.get_raw_data | INFO | API request for main successful.
2026-07-31 21:49:45 +0200 | etl.extract.get_raw_data | INFO | Raw data for main saved at data/raw/year=2026/month=07/day=31
2026-07-31 21:49:45 +0200 | etl.extract.get_raw_data | INFO | Config file loaded.
2026-07-31 21:49:46 +0200 | etl.extract.get_raw_data | INFO | API request for alt successful.
2026-07-31 21:49:46 +0200 | etl.extract.get_raw_data | INFO | Raw data for alt saved at data/raw/year=2026/month=07/day=31
2026-07-31 21:49:46 +0200 | etl.extract.get_raw_data | INFO | Config file loaded.
2026-07-31 21:49:46 +0200 | etl.extract.get_raw_data | INFO | API request for buy_sell successful.
2026-07-31 21:49:46 +0200 | etl.extract.get_raw_data | INFO | Raw data for buy_sell saved at data/raw/year=2026/month=07/day=31
2026-07-31 21:49:46 +0200 | etl.extract.get_raw_data | INFO | Config file loaded.
2026-07-31 21:49:47 +0200 | etl.extract.get_raw_data | INFO | API request for gold successful.
2026-07-31 21:49:47 +0200 | etl.extract.get_raw_data | INFO | Raw data for gold saved at data/raw/year=2026/month=07/day=31
2026-07-31 21:49:47 +0200 | etl.transform.raw_to_bronze | INFO | Found 217 files in data/raw
2026-07-31 21:49:48 +0200 | etl.transform.raw_to_bronze | INFO | Bronze layer load finished. Success: 217, Errors: 0
2026-07-31 21:49:48 +0200 | etl.transform.bronze_to_silver | INFO | View SILVER_MID_CURRENCIES_RATES created.
2026-07-31 21:49:48 +0200 | etl.transform.bronze_to_silver | INFO | View SILVER_BUY_SELL_CURRENCIES created.
2026-07-31 21:49:48 +0200 | etl.transform.bronze_to_silver | INFO | View SILVER_GOLD_RATES created.
2026-07-31 21:49:48 +0200 | etl.transform.bronze_to_silver | INFO | View GOLD_WEALTH_INDEX created.
2026-07-31 21:49:48 +0200 | etl.transform.bronze_to_silver | INFO | Silver layer load finished. 4 views added to db.
2026-08-03 21:54:46 +0200 | __main__ | INFO | Found 1 missing dates.
2026-08-03 21:54:46 +0200 | __main__ | INFO | Starting Reactive Backfill for 1 days.
2026-08-03 21:54:46 +0200 | etl.extract.get_raw_data | INFO | Config file loaded.
2026-08-03 21:54:47 +0200 | etl.extract.get_raw_data | INFO | API request for main successful.
2026-08-03 21:54:47 +0200 | etl.extract.get_raw_data | INFO | Raw data for main saved at data/raw/year=2026/month=08/day=03
2026-08-03 21:54:47 +0200 | etl.extract.get_raw_data | INFO | Config file loaded.
2026-08-03 21:54:47 +0200 | etl.extract.get_raw_data | INFO | Brak danych w NBP. Prawdopodobnie święto. Pomijam datę.
2026-08-03 21:54:47 +0200 | etl.extract.get_raw_data | INFO | Config file loaded.
2026-08-03 21:54:48 +0200 | etl.extract.get_raw_data | INFO | API request for buy_sell successful.
2026-08-03 21:54:48 +0200 | etl.extract.get_raw_data | INFO | Raw data for buy_sell saved at data/raw/year=2026/month=08/day=03
2026-08-03 21:54:48 +0200 | etl.extract.get_raw_data | INFO | Config file loaded.
2026-08-03 21:54:49 +0200 | etl.extract.get_raw_data | INFO | API request for gold successful.
2026-08-03 21:54:49 +0200 | etl.extract.get_raw_data | INFO | Raw data for gold saved at data/raw/year=2026/month=08/day=03
2026-08-03 21:54:49 +0200 | __main__ | INFO | Starting current rates download (Daily Load)...
2026-08-03 21:54:49 +0200 | etl.extract.get_raw_data | INFO | Config file loaded.
2026-08-03 21:54:49 +0200 | etl.extract.get_raw_data | INFO | API request for main successful.
2026-08-03 21:54:49 +0200 | etl.extract.get_raw_data | INFO | Raw data for main saved at data/raw/year=2026/month=08/day=03
2026-08-03 21:54:49 +0200 | etl.extract.get_raw_data | INFO | Config file loaded.
2026-08-03 21:54:50 +0200 | etl.extract.get_raw_data | INFO | API request for alt successful.
2026-08-03 21:54:50 +0200 | etl.extract.get_raw_data | INFO | Raw data for alt saved at data/raw/year=2026/month=08/day=03
2026-08-03 21:54:50 +0200 | etl.extract.get_raw_data | INFO | Config file loaded.
2026-08-03 21:54:51 +0200 | etl.extract.get_raw_data | INFO | API request for buy_sell successful.
2026-08-03 21:54:51 +0200 | etl.extract.get_raw_data | INFO | Raw data for buy_sell saved at data/raw/year=2026/month=08/day=03
2026-08-03 21:54:51 +0200 | etl.extract.get_raw_data | INFO | Config file loaded.
2026-08-03 21:54:51 +0200 | etl.extract.get_raw_data | INFO | API request for gold successful.
2026-08-03 21:54:51 +0200 | etl.extract.get_raw_data | INFO | Raw data for gold saved at data/raw/year=2026/month=08/day=03
2026-08-03 21:54:51 +0200 | etl.transform.raw_to_bronze | INFO | Found 221 files in data/raw
2026-08-03 21:54:53 +0200 | etl.transform.raw_to_bronze | INFO | Bronze layer load finished. Success: 221, Errors: 0
2026-08-03 21:54:53 +0200 | etl.transform.bronze_to_silver | INFO | View SILVER_MID_CURRENCIES_RATES created.
2026-08-03 21:54:53 +0200 | etl.transform.bronze_to_silver | INFO | View SILVER_BUY_SELL_CURRENCIES created.
2026-08-03 21:54:53 +0200 | etl.transform.bronze_to_silver | INFO | View SILVER_GOLD_RATES created.
2026-08-03 21:54:53 +0200 | etl.transform.bronze_to_silver | INFO | View GOLD_WEALTH_INDEX created.
2026-08-03 21:54:53 +0200 | etl.transform.bronze_to_silver | INFO | Silver layer load finished. 4 views added to db.
2026-08-04 21:54:25 +0200 | __main__ | INFO | Found 1 missing dates.
2026-08-04 21:54:25 +0200 | __main__ | INFO | Starting Reactive Backfill for 1 days.
2026-08-04 21:54:25 +0200 | etl.extract.get_raw_data | INFO | Config file loaded.
2026-08-04 21:54:26 +0200 | etl.extract.get_raw_data | INFO | API request for main successful.
2026-08-04 21:54:26 +0200 | etl.extract.get_raw_data | INFO | Raw data for main saved at data/raw/year=2026/month=08/day=04
2026-08-04 21:54:26 +0200 | etl.extract.get_raw_data | INFO | Config file loaded.
2026-08-04 21:54:27 +0200 | etl.extract.get_raw_data | INFO | Brak danych w NBP. Prawdopodobnie święto. Pomijam datę.
2026-08-04 21:54:27 +0200 | etl.extract.get_raw_data | INFO | Config file loaded.
2026-08-04 21:54:27 +0200 | etl.extract.get_raw_data | INFO | API request for buy_sell successful.
2026-08-04 21:54:27 +0200 | etl.extract.get_raw_data | INFO | Raw data for buy_sell saved at data/raw/year=2026/month=08/day=04
2026-08-04 21:54:27 +0200 | etl.extract.get_raw_data | INFO | Config file loaded.
2026-08-04 21:54:28 +0200 | etl.extract.get_raw_data | INFO | API request for gold successful.
2026-08-04 21:54:28 +0200 | etl.extract.get_raw_data | INFO | Raw data for gold saved at data/raw/year=2026/month=08/day=04
2026-08-04 21:54:28 +0200 | __main__ | INFO | Starting current rates download (Daily Load)...
2026-08-04 21:54:28 +0200 | etl.extract.get_raw_data | INFO | Config file loaded.
2026-08-04 21:54:28 +0200 | etl.extract.get_raw_data | INFO | API request for main successful.
2026-08-04 21:54:28 +0200 | etl.extract.get_raw_data | INFO | Raw data for main saved at data/raw/year=2026/month=08/day=04
2026-08-04 21:54:28 +0200 | etl.extract.get_raw_data | INFO | Config file loaded.
2026-08-04 21:54:29 +0200 | etl.extract.get_raw_data | INFO | API request for alt successful.
2026-08-04 21:54:29 +0200 | etl.extract.get_raw_data | INFO | Raw data for alt saved at data/raw/year=2026/month=08/day=04
2026-08-04 21:54:29 +0200 | etl.extract.get_raw_data | INFO | Config file loaded.
2026-08-04 21:54:29 +0200 | etl.extract.get_raw_data | INFO | API request for buy_sell successful.
2026-08-04 21:54:29 +0200 | etl.extract.get_raw_data | INFO | Raw data for buy_sell saved at data/raw/year=2026/month=08/day=04
2026-08-04 21:54:29 +0200 | etl.extract.get_raw_data | INFO | Config file loaded.
2026-08-04 21:54:30 +0200 | etl.extract.get_raw_data | INFO | API request for gold successful.
2026-08-04 21:54:30 +0200 | etl.extract.get_raw_data | INFO | Raw data for gold saved at data/raw/year=2026/month=08/day=04
2026-08-04 21:54:30 +0200 | etl.transform.raw_to_bronze | INFO | Found 225 files in data/raw
2026-08-04 21:54:31 +0200 | etl.transform.raw_to_bronze | INFO | Bronze layer load finished. Success: 225, Errors: 0
2026-08-04 21:54:31 +0200 | etl.transform.bronze_to_silver | INFO | View SILVER_MID_CURRENCIES_RATES created.
2026-08-04 21:54:31 +0200 | etl.transform.bronze_to_silver | INFO | View SILVER_BUY_SELL_CURRENCIES created.
2026-08-04 21:54:31 +0200 | etl.transform.bronze_to_silver | INFO | View SILVER_GOLD_RATES created.
2026-08-04 21:54:31 +0200 | etl.transform.bronze_to_silver | INFO | View GOLD_WEALTH_INDEX created.
2026-08-04 21:54:31 +0200 | etl.transform.bronze_to_silver | INFO | Silver layer load finished. 4 views added to db.
2026-08-05 21:51:58 +0200 | __main__ | INFO | Found 1 missing dates.
2026-08-05 21:51:58 +0200 | __main__ | INFO | Starting Reactive Backfill for 1 days.
2026-08-05 21:51:58 +0200 | etl.extract.get_raw_data | INFO | Config file loaded.
2026-08-05 21:52:00 +0200 | etl.extract.get_raw_data | INFO | API request for main successful.
2026-08-05 21:52:00 +0200 | etl.extract.get_raw_data | INFO | Raw data for main saved at data/raw/year=2026/month=08/day=05
2026-08-05 21:52:00 +0200 | etl.extract.get_raw_data | INFO | Config file loaded.
2026-08-05 21:52:00 +0200 | etl.extract.get_raw_data | INFO | API request for alt successful.
2026-08-05 21:52:00 +0200 | etl.extract.get_raw_data | INFO | Raw data for alt saved at data/raw/year=2026/month=08/day=05
2026-08-05 21:52:00 +0200 | etl.extract.get_raw_data | INFO | Config file loaded.
2026-08-05 21:52:01 +0200 | etl.extract.get_raw_data | INFO | API request for buy_sell successful.
2026-08-05 21:52:01 +0200 | etl.extract.get_raw_data | INFO | Raw data for buy_sell saved at data/raw/year=2026/month=08/day=05
2026-08-05 21:52:01 +0200 | etl.extract.get_raw_data | INFO | Config file loaded.
2026-08-05 21:52:02 +0200 | etl.extract.get_raw_data | INFO | API request for gold successful.
2026-08-05 21:52:02 +0200 | etl.extract.get_raw_data | INFO | Raw data for gold saved at data/raw/year=2026/month=08/day=05
2026-08-05 21:52:02 +0200 | __main__ | INFO | Starting current rates download (Daily Load)...
2026-08-05 21:52:02 +0200 | etl.extract.get_raw_data | INFO | Config file loaded.
2026-08-05 21:52:02 +0200 | etl.extract.get_raw_data | INFO | API request for main successful.
2026-08-05 21:52:02 +0200 | etl.extract.get_raw_data | INFO | Raw data for main saved at data/raw/year=2026/month=08/day=05
2026-08-05 21:52:02 +0200 | etl.extract.get_raw_data | INFO | Config file loaded.
2026-08-05 21:52:03 +0200 | etl.extract.get_raw_data | INFO | API request for alt successful.
2026-08-05 21:52:03 +0200 | etl.extract.get_raw_data | INFO | Raw data for alt saved at data/raw/year=2026/month=08/day=05
2026-08-05 21:52:03 +0200 | etl.extract.get_raw_data | INFO | Config file loaded.
2026-08-05 21:52:03 +0200 | etl.extract.get_raw_data | INFO | API request for buy_sell successful.
2026-08-05 21:52:03 +0200 | etl.extract.get_raw_data | INFO | Raw data for buy_sell saved at data/raw/year=2026/month=08/day=05
2026-08-05 21:52:03 +0200 | etl.extract.get_raw_data | INFO | Config file loaded.
2026-08-05 21:52:03 +0200 | etl.extract.get_raw_data | INFO | API request for gold successful.
2026-08-05 21:52:03 +0200 | etl.extract.get_raw_data | INFO | Raw data for gold saved at data/raw/year=2026/month=08/day=05
2026-08-05 21:52:03 +0200 | etl.transform.raw_to_bronze | INFO | Found 229 files in data/raw
2026-08-05 21:52:04 +0200 | etl.transform.raw_to_bronze | INFO | Bronze layer load finished. Success: 229, Errors: 0
2026-08-05 21:52:04 +0200 | etl.transform.bronze_to_silver | INFO | View SILVER_MID_CURRENCIES_RATES created.
2026-08-05 21:52:04 +0200 | etl.transform.bronze_to_silver | INFO | View SILVER_BUY_SELL_CURRENCIES created.
2026-08-05 21:52:04 +0200 | etl.transform.bronze_to_silver | INFO | View SILVER_GOLD_RATES created.
2026-08-05 21:52:04 +0200 | etl.transform.bronze_to_silver | INFO | View GOLD_WEALTH_INDEX created.
2026-08-05 21:52:04 +0200 | etl.transform.bronze_to_silver | INFO | Silver layer load finished. 4 views added to db.
2026-08-07 02:13:28 +0200 | __main__ | INFO | Found 2 missing dates.
2026-08-07 02:13:28 +0200 | __main__ | INFO | Starting Reactive Backfill for 2 days.
2026-08-07 02:13:28 +0200 | etl.extract.get_raw_data | INFO | Config file loaded.
2026-08-07 02:13:29 +0200 | etl.extract.get_raw_data | INFO | API request for main successful.
2026-08-07 02:13:29 +0200 | etl.extract.get_raw_data | INFO | Raw data for main saved at data/raw/year=2026/month=08/day=06
2026-08-07 02:13:29 +0200 | etl.extract.get_raw_data | INFO | Config file loaded.
2026-08-07 02:13:30 +0200 | etl.extract.get_raw_data | INFO | Brak danych w NBP. Prawdopodobnie święto. Pomijam datę.
2026-08-07 02:13:30 +0200 | etl.extract.get_raw_data | INFO | Config file loaded.
2026-08-07 02:13:31 +0200 | etl.extract.get_raw_data | INFO | API request for buy_sell successful.
2026-08-07 02:13:31 +0200 | etl.extract.get_raw_data | INFO | Raw data for buy_sell saved at data/raw/year=2026/month=08/day=06
2026-08-07 02:13:31 +0200 | etl.extract.get_raw_data | INFO | Config file loaded.
2026-08-07 02:13:32 +0200 | etl.extract.get_raw_data | INFO | API request for gold successful.
2026-08-07 02:13:32 +0200 | etl.extract.get_raw_data | INFO | Raw data for gold saved at data/raw/year=2026/month=08/day=06
2026-08-07 02:13:32 +0200 | etl.extract.get_raw_data | INFO | Config file loaded.
2026-08-07 02:13:32 +0200 | etl.extract.get_raw_data | INFO | Brak danych w NBP. Prawdopodobnie święto. Pomijam datę.
2026-08-07 02:13:32 +0200 | etl.extract.get_raw_data | INFO | Config file loaded.
2026-08-07 02:13:33 +0200 | etl.extract.get_raw_data | INFO | Brak danych w NBP. Prawdopodobnie święto. Pomijam datę.
2026-08-07 02:13:33 +0200 | etl.extract.get_raw_data | INFO | Config file loaded.
2026-08-07 02:13:33 +0200 | etl.extract.get_raw_data | INFO | Brak danych w NBP. Prawdopodobnie święto. Pomijam datę.
2026-08-07 02:13:33 +0200 | etl.extract.get_raw_data | INFO | Config file loaded.
2026-08-07 02:13:33 +0200 | etl.extract.get_raw_data | INFO | Brak danych w NBP. Prawdopodobnie święto. Pomijam datę.
2026-08-07 02:13:33 +0200 | __main__ | INFO | Starting current rates download (Daily Load)...
2026-08-07 02:13:33 +0200 | etl.extract.get_raw_data | INFO | Config file loaded.
2026-08-07 02:13:34 +0200 | etl.extract.get_raw_data | INFO | API request for main successful.
2026-08-07 02:13:34 +0200 | etl.extract.get_raw_data | INFO | Raw data for main saved at data/raw/year=2026/month=08/day=07
2026-08-07 02:13:34 +0200 | etl.extract.get_raw_data | INFO | Config file loaded.
2026-08-07 02:13:35 +0200 | etl.extract.get_raw_data | INFO | API request for alt successful.
2026-08-07 02:13:35 +0200 | etl.extract.get_raw_data | INFO | Raw data for alt saved at data/raw/year=2026/month=08/day=07
2026-08-07 02:13:35 +0200 | etl.extract.get_raw_data | INFO | Config file loaded.
2026-08-07 02:13:35 +0200 | etl.extract.get_raw_data | INFO | API request for buy_sell successful.
2026-08-07 02:13:35 +0200 | etl.extract.get_raw_data | INFO | Raw data for buy_sell saved at data/raw/year=2026/month=08/day=07
2026-08-07 02:13:35 +0200 | etl.extract.get_raw_data | INFO | Config file loaded.
2026-08-07 02:13:35 +0200 | etl.extract.get_raw_data | INFO | API request for gold successful.
2026-08-07 02:13:35 +0200 | etl.extract.get_raw_data | INFO | Raw data for gold saved at data/raw/year=2026/month=08/day=07
2026-08-07 02:13:35 +0200 | etl.transform.raw_to_bronze | INFO | Found 236 files in data/raw
2026-08-07 02:13:37 +0200 | etl.transform.raw_to_bronze | INFO | Bronze layer load finished. Success: 236, Errors: 0
2026-08-07 02:13:37 +0200 | etl.transform.bronze_to_silver | INFO | View SILVER_MID_CURRENCIES_RATES created.
2026-08-07 02:13:37 +0200 | etl.transform.bronze_to_silver | INFO | View SILVER_BUY_SELL_CURRENCIES created.
2026-08-07 02:13:37 +0200 | etl.transform.bronze_to_silver | INFO | View SILVER_GOLD_RATES created.
2026-08-07 02:13:37 +0200 | etl.transform.bronze_to_silver | INFO | View GOLD_WEALTH_INDEX created.
2026-08-07 02:13:37 +0200 | etl.transform.bronze_to_silver | INFO | Silver layer load finished. 4 views added to db.
2026-08-07 21:12:36 +0200 | __main__ | INFO | Found 0 missing dates.
2026-08-07 21:12:36 +0200 | __main__ | INFO | Data history on disk is complete.
2026-08-07 21:12:36 +0200 | __main__ | INFO | Starting current rates download (Daily Load)...
2026-08-07 21:12:36 +0200 | etl.extract.get_raw_data | INFO | Config file loaded.
2026-08-07 21:12:37 +0200 | etl.extract.get_raw_data | INFO | API request for main successful.
2026-08-07 21:12:37 +0200 | etl.extract.get_raw_data | INFO | Raw data for main saved at data/raw/year=2026/month=08/day=07
2026-08-07 21:12:37 +0200 | etl.extract.get_raw_data | INFO | Config file loaded.
2026-08-07 21:12:38 +0200 | etl.extract.get_raw_data | INFO | API request for alt successful.
2026-08-07 21:12:38 +0200 | etl.extract.get_raw_data | INFO | Raw data for alt saved at data/raw/year=2026/month=08/day=07
2026-08-07 21:12:38 +0200 | etl.extract.get_raw_data | INFO | Config file loaded.
2026-08-07 21:12:38 +0200 | etl.extract.get_raw_data | INFO | API request for buy_sell successful.
2026-08-07 21:12:38 +0200 | etl.extract.get_raw_data | INFO | Raw data for buy_sell saved at data/raw/year=2026/month=08/day=07
2026-08-07 21:12:38 +0200 | etl.extract.get_raw_data | INFO | Config file loaded.
2026-08-07 21:12:39 +0200 | etl.extract.get_raw_data | INFO | API request for gold successful.
2026-08-07 21:12:39 +0200 | etl.extract.get_raw_data | INFO | Raw data for gold saved at data/raw/year=2026/month=08/day=07
2026-08-07 21:12:39 +0200 | etl.transform.raw_to_bronze | INFO | Found 236 files in data/raw
2026-08-07 21:12:40 +0200 | etl.transform.raw_to_bronze | INFO | Bronze layer load finished. Success: 236, Errors: 0
2026-08-07 21:12:40 +0200 | etl.transform.bronze_to_silver | INFO | View SILVER_MID_CURRENCIES_RATES created.
2026-08-07 21:12:40 +0200 | etl.transform.bronze_to_silver | INFO | View SILVER_BUY_SELL_CURRENCIES created.
2026-08-07 21:12:40 +0200 | etl.transform.bronze_to_silver | INFO | View SILVER_GOLD_RATES created.
2026-08-07 21:12:40 +0200 | etl.transform.bronze_to_silver | INFO | View GOLD_WEALTH_INDEX created.
2026-08-07 21:12:40 +0200 | etl.transform.bronze_to_silver | INFO | Silver layer load finished. 4 views added to db.
2026-08-10 21:14:30 +0200 | __main__ | INFO | Found 1 missing dates.
2026-08-10 21:14:30 +0200 | __main__ | INFO | Starting Reactive Backfill for 1 days.
2026-08-10 21:14:30 +0200 | etl.extract.get_raw_data | INFO | Config file loaded.
2026-08-10 21:14:32 +0200 | etl.extract.get_raw_data | INFO | API request for main successful.
2026-08-10 21:14:32 +0200 | etl.extract.get_raw_data | INFO | Raw data for main saved at data/raw/year=2026/month=08/day=10
2026-08-10 21:14:32 +0200 | etl.extract.get_raw_data | INFO | Config file loaded.
2026-08-10 21:14:32 +0200 | etl.extract.get_raw_data | INFO | Brak danych w NBP. Prawdopodobnie święto. Pomijam datę.
2026-08-10 21:14:32 +0200 | etl.extract.get_raw_data | INFO | Config file loaded.
2026-08-10 21:14:33 +0200 | etl.extract.get_raw_data | INFO | API request for buy_sell successful.
2026-08-10 21:14:33 +0200 | etl.extract.get_raw_data | INFO | Raw data for buy_sell saved at data/raw/year=2026/month=08/day=10
2026-08-10 21:14:33 +0200 | etl.extract.get_raw_data | INFO | Config file loaded.
2026-08-10 21:14:34 +0200 | etl.extract.get_raw_data | INFO | API request for gold successful.
2026-08-10 21:14:34 +0200 | etl.extract.get_raw_data | INFO | Raw data for gold saved at data/raw/year=2026/month=08/day=10
2026-08-10 21:14:34 +0200 | __main__ | INFO | Starting current rates download (Daily Load)...
2026-08-10 21:14:34 +0200 | etl.extract.get_raw_data | INFO | Config file loaded.
2026-08-10 21:14:34 +0200 | etl.extract.get_raw_data | INFO | API request for main successful.
2026-08-10 21:14:34 +0200 | etl.extract.get_raw_data | INFO | Raw data for main saved at data/raw/year=2026/month=08/day=10
2026-08-10 21:14:34 +0200 | etl.extract.get_raw_data | INFO | Config file loaded.
2026-08-10 21:14:35 +0200 | etl.extract.get_raw_data | INFO | API request for alt successful.
2026-08-10 21:14:35 +0200 | etl.extract.get_raw_data | INFO | Raw data for alt saved at data/raw/year=2026/month=08/day=10
2026-08-10 21:14:35 +0200 | etl.extract.get_raw_data | INFO | Config file loaded.
2026-08-10 21:14:35 +0200 | etl.extract.get_raw_data | INFO | API request for buy_sell successful.
2026-08-10 21:14:35 +0200 | etl.extract.get_raw_data | INFO | Raw data for buy_sell saved at data/raw/year=2026/month=08/day=10
2026-08-10 21:14:35 +0200 | etl.extract.get_raw_data | INFO | Config file loaded.
2026-08-10 21:14:36 +0200 | etl.extract.get_raw_data | INFO | API request for gold successful.
2026-08-10 21:14:36 +0200 | etl.extract.get_raw_data | INFO | Raw data for gold saved at data/raw/year=2026/month=08/day=10
2026-08-10 21:14:36 +0200 | etl.transform.raw_to_bronze | INFO | Found 240 files in data/raw
2026-08-10 21:14:37 +0200 | etl.transform.raw_to_bronze | INFO | Bronze layer load finished. Success: 240, Errors: 0
2026-08-10 21:14:37 +0200 | etl.transform.bronze_to_silver | INFO | View SILVER_MID_CURRENCIES_RATES created.
2026-08-10 21:14:37 +0200 | etl.transform.bronze_to_silver | INFO | View SILVER_BUY_SELL_CURRENCIES created.
2026-08-10 21:14:37 +0200 | etl.transform.bronze_to_silver | INFO | View SILVER_GOLD_RATES created.
2026-08-10 21:14:37 +0200 | etl.transform.bronze_to_silver | INFO | View GOLD_WEALTH_INDEX created.
2026-08-10 21:14:37 +0200 | etl.transform.bronze_to_silver | INFO | Silver layer load finished. 4 views added to db.
2026-08-11 21:17:00 +0200 | __main__ | INFO | Found 1 missing dates.
2026-08-11 21:17:00 +0200 | __main__ | INFO | Starting Reactive Backfill for 1 days.
2026-08-11 21:17:00 +0200 | etl.extract.get_raw_data | INFO | Config file loaded.
2026-08-11 21:17:01 +0200 | etl.extract.get_raw_data | INFO | API request for main successful.
2026-08-11 21:17:01 +0200 | etl.extract.get_raw_data | INFO | Raw data for main saved at data/raw/year=2026/month=08/day=11
2026-08-11 21:17:01 +0200 | etl.extract.get_raw_data | INFO | Config file loaded.
2026-08-11 21:17:01 +0200 | etl.extract.get_raw_data | INFO | Brak danych w NBP. Prawdopodobnie święto. Pomijam datę.
2026-08-11 21:17:01 +0200 | etl.extract.get_raw_data | INFO | Config file loaded.
2026-08-11 21:17:02 +0200 | etl.extract.get_raw_data | INFO | API request for buy_sell successful.
2026-08-11 21:17:02 +0200 | etl.extract.get_raw_data | INFO | Raw data for buy_sell saved at data/raw/year=2026/month=08/day=11
2026-08-11 21:17:02 +0200 | etl.extract.get_raw_data | INFO | Config file loaded.
2026-08-11 21:17:02 +0200 | etl.extract.get_raw_data | INFO | API request for gold successful.
2026-08-11 21:17:02 +0200 | etl.extract.get_raw_data | INFO | Raw data for gold saved at data/raw/year=2026/month=08/day=11
2026-08-11 21:17:02 +0200 | __main__ | INFO | Starting current rates download (Daily Load)...
2026-08-11 21:17:02 +0200 | etl.extract.get_raw_data | INFO | Config file loaded.
2026-08-11 21:17:03 +0200 | etl.extract.get_raw_data | INFO | API request for main successful.
2026-08-11 21:17:03 +0200 | etl.extract.get_raw_data | INFO | Raw data for main saved at data/raw/year=2026/month=08/day=11
2026-08-11 21:17:03 +0200 | etl.extract.get_raw_data | INFO | Config file loaded.
2026-08-11 21:17:03 +0200 | etl.extract.get_raw_data | INFO | API request for alt successful.
2026-08-11 21:17:03 +0200 | etl.extract.get_raw_data | INFO | Raw data for alt saved at data/raw/year=2026/month=08/day=11
2026-08-11 21:17:03 +0200 | etl.extract.get_raw_data | INFO | Config file loaded.
2026-08-11 21:17:05 +0200 | etl.extract.get_raw_data | INFO | API request for buy_sell successful.
2026-08-11 21:17:05 +0200 | etl.extract.get_raw_data | INFO | Raw data for buy_sell saved at data/raw/year=2026/month=08/day=11
2026-08-11 21:17:05 +0200 | etl.extract.get_raw_data | INFO | Config file loaded.
2026-08-11 21:17:05 +0200 | etl.extract.get_raw_data | INFO | API request for gold successful.
2026-08-11 21:17:05 +0200 | etl.extract.get_raw_data | INFO | Raw data for gold saved at data/raw/year=2026/month=08/day=11
2026-08-11 21:17:05 +0200 | etl.transform.raw_to_bronze | INFO | Found 244 files in data/raw
2026-08-11 21:17:06 +0200 | etl.transform.raw_to_bronze | INFO | Bronze layer load finished. Success: 244, Errors: 0
2026-08-11 21:17:06 +0200 | etl.transform.bronze_to_silver | INFO | View SILVER_MID_CURRENCIES_RATES created.
2026-08-11 21:17:06 +0200 | etl.transform.bronze_to_silver | INFO | View SILVER_BUY_SELL_CURRENCIES created.
2026-08-11 21:17:06 +0200 | etl.transform.bronze_to_silver | INFO | View SILVER_GOLD_RATES created.
2026-08-11 21:17:06 +0200 | etl.transform.bronze_to_silver | INFO | View GOLD_WEALTH_INDEX created.
2026-08-11 21:17:06 +0200 | etl.transform.bronze_to_silver | INFO | Silver layer load finished. 4 views added to db.
2026-08-12 21:17:41 +0200 | __main__ | INFO | Found 1 missing dates.
2026-08-12 21:17:41 +0200 | __main__ | INFO | Starting Reactive Backfill for 1 days.
2026-08-12 21:17:41 +0200 | etl.extract.get_raw_data | INFO | Config file loaded.
2026-08-12 21:17:42 +0200 | etl.extract.get_raw_data | INFO | API request for main successful.
2026-08-12 21:17:42 +0200 | etl.extract.get_raw_data | INFO | Raw data for main saved at data/raw/year=2026/month=08/day=12
2026-08-12 21:17:42 +0200 | etl.extract.get_raw_data | INFO | Config file loaded.
2026-08-12 21:17:43 +0200 | etl.extract.get_raw_data | INFO | API request for alt successful.
2026-08-12 21:17:43 +0200 | etl.extract.get_raw_data | INFO | Raw data for alt saved at data/raw/year=2026/month=08/day=12
2026-08-12 21:17:43 +0200 | etl.extract.get_raw_data | INFO | Config file loaded.
2026-08-12 21:17:44 +0200 | etl.extract.get_raw_data | INFO | API request for buy_sell successful.
2026-08-12 21:17:44 +0200 | etl.extract.get_raw_data | INFO | Raw data for buy_sell saved at data/raw/year=2026/month=08/day=12
2026-08-12 21:17:44 +0200 | etl.extract.get_raw_data | INFO | Config file loaded.
2026-08-12 21:17:45 +0200 | etl.extract.get_raw_data | INFO | API request for gold successful.
2026-08-12 21:17:45 +0200 | etl.extract.get_raw_data | INFO | Raw data for gold saved at data/raw/year=2026/month=08/day=12
2026-08-12 21:17:45 +0200 | __main__ | INFO | Starting current rates download (Daily Load)...
2026-08-12 21:17:45 +0200 | etl.extract.get_raw_data | INFO | Config file loaded.
2026-08-12 21:17:46 +0200 | etl.extract.get_raw_data | INFO | API request for main successful.
2026-08-12 21:17:46 +0200 | etl.extract.get_raw_data | INFO | Raw data for main saved at data/raw/year=2026/month=08/day=12
2026-08-12 21:17:46 +0200 | etl.extract.get_raw_data | INFO | Config file loaded.
2026-08-12 21:17:46 +0200 | etl.extract.get_raw_data | INFO | API request for alt successful.
2026-08-12 21:17:46 +0200 | etl.extract.get_raw_data | INFO | Raw data for alt saved at data/raw/year=2026/month=08/day=12
2026-08-12 21:17:46 +0200 | etl.extract.get_raw_data | INFO | Config file loaded.
2026-08-12 21:17:47 +0200 | etl.extract.get_raw_data | INFO | API request for buy_sell successful.
2026-08-12 21:17:47 +0200 | etl.extract.get_raw_data | INFO | Raw data for buy_sell saved at data/raw/year=2026/month=08/day=12
2026-08-12 21:17:47 +0200 | etl.extract.get_raw_data | INFO | Config file loaded.
2026-08-12 21:17:47 +0200 | etl.extract.get_raw_data | INFO | API request for gold successful.
2026-08-12 21:17:47 +0200 | etl.extract.get_raw_data | INFO | Raw data for gold saved at data/raw/year=2026/month=08/day=12
2026-08-12 21:17:47 +0200 | etl.transform.raw_to_bronze | INFO | Found 248 files in data/raw
2026-08-12 21:17:48 +0200 | etl.transform.raw_to_bronze | INFO | Bronze layer load finished. Success: 248, Errors: 0
2026-08-12 21:17:48 +0200 | etl.transform.bronze_to_silver | INFO | View SILVER_MID_CURRENCIES_RATES created.
2026-08-12 21:17:48 +0200 | etl.transform.bronze_to_silver | INFO | View SILVER_BUY_SELL_CURRENCIES created.
2026-08-12 21:17:48 +0200 | etl.transform.bronze_to_silver | INFO | View SILVER_GOLD_RATES created.
2026-08-12 21:17:48 +0200 | etl.transform.bronze_to_silver | INFO | View GOLD_WEALTH_INDEX created.
2026-08-12 21:17:48 +0200 | etl.transform.bronze_to_silver | INFO | Silver layer load finished. 4 views added to db.
2026-08-13 21:17:49 +0200 | __main__ | INFO | Found 1 missing dates.
2026-08-13 21:17:49 +0200 | __main__ | INFO | Starting Reactive Backfill for 1 days.
2026-08-13 21:17:49 +0200 | etl.extract.get_raw_data | INFO | Config file loaded.
2026-08-13 21:17:50 +0200 | etl.extract.get_raw_data | INFO | API request for main successful.
2026-08-13 21:17:50 +0200 | etl.extract.get_raw_data | INFO | Raw data for main saved at data/raw/year=2026/month=08/day=13
2026-08-13 21:17:50 +0200 | etl.extract.get_raw_data | INFO | Config file loaded.
2026-08-13 21:17:51 +0200 | etl.extract.get_raw_data | INFO | Brak danych w NBP. Prawdopodobnie święto. Pomijam datę.
2026-08-13 21:17:51 +0200 | etl.extract.get_raw_data | INFO | Config file loaded.
2026-08-13 21:17:51 +0200 | etl.extract.get_raw_data | INFO | API request for buy_sell successful.
2026-08-13 21:17:51 +0200 | etl.extract.get_raw_data | INFO | Raw data for buy_sell saved at data/raw/year=2026/month=08/day=13
2026-08-13 21:17:51 +0200 | etl.extract.get_raw_data | INFO | Config file loaded.
2026-08-13 21:17:52 +0200 | etl.extract.get_raw_data | INFO | API request for gold successful.
2026-08-13 21:17:52 +0200 | etl.extract.get_raw_data | INFO | Raw data for gold saved at data/raw/year=2026/month=08/day=13
2026-08-13 21:17:52 +0200 | __main__ | INFO | Starting current rates download (Daily Load)...
2026-08-13 21:17:52 +0200 | etl.extract.get_raw_data | INFO | Config file loaded.
2026-08-13 21:17:52 +0200 | etl.extract.get_raw_data | INFO | API request for main successful.
2026-08-13 21:17:52 +0200 | etl.extract.get_raw_data | INFO | Raw data for main saved at data/raw/year=2026/month=08/day=13
2026-08-13 21:17:52 +0200 | etl.extract.get_raw_data | INFO | Config file loaded.
2026-08-13 21:17:53 +0200 | etl.extract.get_raw_data | INFO | API request for alt successful.
2026-08-13 21:17:53 +0200 | etl.extract.get_raw_data | INFO | Raw data for alt saved at data/raw/year=2026/month=08/day=13
2026-08-13 21:17:53 +0200 | etl.extract.get_raw_data | INFO | Config file loaded.
2026-08-13 21:17:54 +0200 | etl.extract.get_raw_data | INFO | API request for buy_sell successful.
2026-08-13 21:17:54 +0200 | etl.extract.get_raw_data | INFO | Raw data for buy_sell saved at data/raw/year=2026/month=08/day=13
2026-08-13 21:17:54 +0200 | etl.extract.get_raw_data | INFO | Config file loaded.
2026-08-13 21:17:54 +0200 | etl.extract.get_raw_data | INFO | API request for gold successful.
2026-08-13 21:17:54 +0200 | etl.extract.get_raw_data | INFO | Raw data for gold saved at data/raw/year=2026/month=08/day=13
2026-08-13 21:17:54 +0200 | etl.transform.raw_to_bronze | INFO | Found 252 files in data/raw
2026-08-13 21:17:55 +0200 | etl.transform.raw_to_bronze | INFO | Bronze layer load finished. Success: 252, Errors: 0
2026-08-13 21:17:55 +0200 | etl.transform.bronze_to_silver | INFO | View SILVER_MID_CURRENCIES_RATES created.
2026-08-13 21:17:55 +0200 | etl.transform.bronze_to_silver | INFO | View SILVER_BUY_SELL_CURRENCIES created.
2026-08-13 21:17:55 +0200 | etl.transform.bronze_to_silver | INFO | View SILVER_GOLD_RATES created.
2026-08-13 21:17:55 +0200 | etl.transform.bronze_to_silver | INFO | View GOLD_WEALTH_INDEX created.
2026-08-13 21:17:55 +0200 | etl.transform.bronze_to_silver | INFO | Silver layer load finished. 4 views added to db.
2026-08-14 21:11:16 +0200 | __main__ | INFO | Found 1 missing dates.
2026-08-14 21:11:16 +0200 | __main__ | INFO | Starting Reactive Backfill for 1 days.
2026-08-14 21:11:16 +0200 | etl.extract.get_raw_data | INFO | Config file loaded.
2026-08-14 21:11:17 +0200 | etl.extract.get_raw_data | INFO | API request for main successful.
2026-08-14 21:11:17 +0200 | etl.extract.get_raw_data | INFO | Raw data for main saved at data/raw/year=2026/month=08/day=14
2026-08-14 21:11:17 +0200 | etl.extract.get_raw_data | INFO | Config file loaded.
2026-08-14 21:11:17 +0200 | etl.extract.get_raw_data | INFO | Brak danych w NBP. Prawdopodobnie święto. Pomijam datę.
2026-08-14 21:11:17 +0200 | etl.extract.get_raw_data | INFO | Config file loaded.
2026-08-14 21:11:18 +0200 | etl.extract.get_raw_data | INFO | API request for buy_sell successful.
2026-08-14 21:11:18 +0200 | etl.extract.get_raw_data | INFO | Raw data for buy_sell saved at data/raw/year=2026/month=08/day=14
2026-08-14 21:11:18 +0200 | etl.extract.get_raw_data | INFO | Config file loaded.
2026-08-14 21:11:19 +0200 | etl.extract.get_raw_data | INFO | API request for gold successful.
2026-08-14 21:11:19 +0200 | etl.extract.get_raw_data | INFO | Raw data for gold saved at data/raw/year=2026/month=08/day=14
2026-08-14 21:11:19 +0200 | __main__ | INFO | Starting current rates download (Daily Load)...
2026-08-14 21:11:19 +0200 | etl.extract.get_raw_data | INFO | Config file loaded.
2026-08-14 21:11:19 +0200 | etl.extract.get_raw_data | INFO | API request for main successful.
2026-08-14 21:11:19 +0200 | etl.extract.get_raw_data | INFO | Raw data for main saved at data/raw/year=2026/month=08/day=14
2026-08-14 21:11:19 +0200 | etl.extract.get_raw_data | INFO | Config file loaded.
2026-08-14 21:11:20 +0200 | etl.extract.get_raw_data | INFO | API request for alt successful.
2026-08-14 21:11:20 +0200 | etl.extract.get_raw_data | INFO | Raw data for alt saved at data/raw/year=2026/month=08/day=14
2026-08-14 21:11:20 +0200 | etl.extract.get_raw_data | INFO | Config file loaded.
2026-08-14 21:11:21 +0200 | etl.extract.get_raw_data | INFO | API request for buy_sell successful.
2026-08-14 21:11:21 +0200 | etl.extract.get_raw_data | INFO | Raw data for buy_sell saved at data/raw/year=2026/month=08/day=14
2026-08-14 21:11:21 +0200 | etl.extract.get_raw_data | INFO | Config file loaded.
2026-08-14 21:11:21 +0200 | etl.extract.get_raw_data | INFO | API request for gold successful.
2026-08-14 21:11:21 +0200 | etl.extract.get_raw_data | INFO | Raw data for gold saved at data/raw/year=2026/month=08/day=14
2026-08-14 21:11:21 +0200 | etl.transform.raw_to_bronze | INFO | Found 256 files in data/raw
2026-08-14 21:11:23 +0200 | etl.transform.raw_to_bronze | INFO | Bronze layer load finished. Success: 256, Errors: 0
2026-08-14 21:11:23 +0200 | etl.transform.bronze_to_silver | INFO | View SILVER_MID_CURRENCIES_RATES created.
2026-08-14 21:11:23 +0200 | etl.transform.bronze_to_silver | INFO | View SILVER_BUY_SELL_CURRENCIES created.
2026-08-14 21:11:23 +0200 | etl.transform.bronze_to_silver | INFO | View SILVER_GOLD_RATES created.
2026-08-14 21:11:23 +0200 | etl.transform.bronze_to_silver | INFO | View GOLD_WEALTH_INDEX created.
2026-08-14 21:11:23 +0200 | etl.transform.bronze_to_silver | INFO | Silver layer load finished. 4 views added to db.
2026-08-17 20:55:01 +0200 | __main__ | INFO | Found 1 missing dates.
2026-08-17 20:55:01 +0200 | __main__ | INFO | Starting Reactive Backfill for 1 days.
2026-08-17 20:55:01 +0200 | etl.extract.get_raw_data | INFO | Config file loaded.
2026-08-17 20:55:01 +0200 | etl.extract.get_raw_data | INFO | API request for main successful.
2026-08-17 20:55:01 +0200 | etl.extract.get_raw_data | INFO | Raw data for main saved at data/raw/year=2026/month=08/day=17
2026-08-17 20:55:01 +0200 | etl.extract.get_raw_data | INFO | Config file loaded.
2026-08-17 20:55:02 +0200 | etl.extract.get_raw_data | INFO | Brak danych w NBP. Prawdopodobnie święto. Pomijam datę.
2026-08-17 20:55:02 +0200 | etl.extract.get_raw_data | INFO | Config file loaded.
2026-08-17 20:55:02 +0200 | etl.extract.get_raw_data | INFO | API request for buy_sell successful.
2026-08-17 20:55:02 +0200 | etl.extract.get_raw_data | INFO | Raw data for buy_sell saved at data/raw/year=2026/month=08/day=17
2026-08-17 20:55:02 +0200 | etl.extract.get_raw_data | INFO | Config file loaded.
2026-08-17 20:55:04 +0200 | etl.extract.get_raw_data | INFO | API request for gold successful.
2026-08-17 20:55:04 +0200 | etl.extract.get_raw_data | INFO | Raw data for gold saved at data/raw/year=2026/month=08/day=17
2026-08-17 20:55:04 +0200 | __main__ | INFO | Starting current rates download (Daily Load)...
2026-08-17 20:55:04 +0200 | etl.extract.get_raw_data | INFO | Config file loaded.
2026-08-17 20:55:05 +0200 | etl.extract.get_raw_data | INFO | API request for main successful.
2026-08-17 20:55:05 +0200 | etl.extract.get_raw_data | INFO | Raw data for main saved at data/raw/year=2026/month=08/day=17
2026-08-17 20:55:05 +0200 | etl.extract.get_raw_data | INFO | Config file loaded.
2026-08-17 20:55:06 +0200 | etl.extract.get_raw_data | INFO | API request for alt successful.
2026-08-17 20:55:06 +0200 | etl.extract.get_raw_data | INFO | Raw data for alt saved at data/raw/year=2026/month=08/day=17
2026-08-17 20:55:06 +0200 | etl.extract.get_raw_data | INFO | Config file loaded.
2026-08-17 20:55:07 +0200 | etl.extract.get_raw_data | INFO | API request for buy_sell successful.
2026-08-17 20:55:07 +0200 | etl.extract.get_raw_data | INFO | Raw data for buy_sell saved at data/raw/year=2026/month=08/day=17
2026-08-17 20:55:07 +0200 | etl.extract.get_raw_data | INFO | Config file loaded.
2026-08-17 20:55:07 +0200 | etl.extract.get_raw_data | INFO | API request for gold successful.
2026-08-17 20:55:07 +0200 | etl.extract.get_raw_data | INFO | Raw data for gold saved at data/raw/year=2026/month=08/day=17
2026-08-17 20:55:07 +0200 | etl.transform.raw_to_bronze | INFO | Found 260 files in data/raw
2026-08-17 20:55:09 +0200 | etl.transform.raw_to_bronze | INFO | Bronze layer load finished. Success: 260, Errors: 0
2026-08-17 20:55:09 +0200 | etl.transform.bronze_to_silver | INFO | View SILVER_MID_CURRENCIES_RATES created.
2026-08-17 20:55:09 +0200 | etl.transform.bronze_to_silver | INFO | View SILVER_BUY_SELL_CURRENCIES created.
2026-08-17 20:55:09 +0200 | etl.transform.bronze_to_silver | INFO | View SILVER_GOLD_RATES created.
2026-08-17 20:55:09 +0200 | etl.transform.bronze_to_silver | INFO | View GOLD_WEALTH_INDEX created.
2026-08-17 20:55:09 +0200 | etl.transform.bronze_to_silver | INFO | Silver layer load finished. 4 views added to db.
2026-08-18 20:54:07 +0200 | __main__ | INFO | Found 1 missing dates.
2026-08-18 20:54:07 +0200 | __main__ | INFO | Starting Reactive Backfill for 1 days.
2026-08-18 20:54:07 +0200 | etl.extract.get_raw_data | INFO | Config file loaded.
2026-08-18 20:54:08 +0200 | etl.extract.get_raw_data | INFO | API request for main successful.
2026-08-18 20:54:08 +0200 | etl.extract.get_raw_data | INFO | Raw data for main saved at data/raw/year=2026/month=08/day=18
2026-08-18 20:54:08 +0200 | etl.extract.get_raw_data | INFO | Config file loaded.
2026-08-18 20:54:09 +0200 | etl.extract.get_raw_data | INFO | Brak danych w NBP. Prawdopodobnie święto. Pomijam datę.
2026-08-18 20:54:09 +0200 | etl.extract.get_raw_data | INFO | Config file loaded.
2026-08-18 20:54:10 +0200 | etl.extract.get_raw_data | INFO | API request for buy_sell successful.
2026-08-18 20:54:10 +0200 | etl.extract.get_raw_data | INFO | Raw data for buy_sell saved at data/raw/year=2026/month=08/day=18
2026-08-18 20:54:10 +0200 | etl.extract.get_raw_data | INFO | Config file loaded.
2026-08-18 20:54:10 +0200 | etl.extract.get_raw_data | INFO | API request for gold successful.
2026-08-18 20:54:10 +0200 | etl.extract.get_raw_data | INFO | Raw data for gold saved at data/raw/year=2026/month=08/day=18
2026-08-18 20:54:10 +0200 | __main__ | INFO | Starting current rates download (Daily Load)...
2026-08-18 20:54:10 +0200 | etl.extract.get_raw_data | INFO | Config file loaded.
2026-08-18 20:54:11 +0200 | etl.extract.get_raw_data | INFO | API request for main successful.
2026-08-18 20:54:11 +0200 | etl.extract.get_raw_data | INFO | Raw data for main saved at data/raw/year=2026/month=08/day=18
2026-08-18 20:54:11 +0200 | etl.extract.get_raw_data | INFO | Config file loaded.
2026-08-18 20:54:11 +0200 | etl.extract.get_raw_data | INFO | API request for alt successful.
2026-08-18 20:54:11 +0200 | etl.extract.get_raw_data | INFO | Raw data for alt saved at data/raw/year=2026/month=08/day=18
2026-08-18 20:54:11 +0200 | etl.extract.get_raw_data | INFO | Config file loaded.
2026-08-18 20:54:12 +0200 | etl.extract.get_raw_data | INFO | API request for buy_sell successful.
2026-08-18 20:54:12 +0200 | etl.extract.get_raw_data | INFO | Raw data for buy_sell saved at data/raw/year=2026/month=08/day=18
2026-08-18 20:54:12 +0200 | etl.extract.get_raw_data | INFO | Config file loaded.
2026-08-18 20:54:12 +0200 | etl.extract.get_raw_data | INFO | API request for gold successful.
2026-08-18 20:54:12 +0200 | etl.extract.get_raw_data | INFO | Raw data for gold saved at data/raw/year=2026/month=08/day=18
2026-08-18 20:54:12 +0200 | etl.transform.raw_to_bronze | INFO | Found 264 files in data/raw
2026-08-18 20:54:13 +0200 | etl.transform.raw_to_bronze | INFO | Bronze layer load finished. Success: 264, Errors: 0
2026-08-18 20:54:13 +0200 | etl.transform.bronze_to_silver | INFO | View SILVER_MID_CURRENCIES_RATES created.
2026-08-18 20:54:13 +0200 | etl.transform.bronze_to_silver | INFO | View SILVER_BUY_SELL_CURRENCIES created.
2026-08-18 20:54:13 +0200 | etl.transform.bronze_to_silver | INFO | View SILVER_GOLD_RATES created.
2026-08-18 20:54:13 +0200 | etl.transform.bronze_to_silver | INFO | View GOLD_WEALTH_INDEX created.
2026-08-18 20:54:13 +0200 | etl.transform.bronze_to_silver | INFO | Silver layer load finished. 4 views added to db.
2026-08-19 20:50:57 +0200 | __main__ | INFO | Found 1 missing dates.
2026-08-19 20:50:57 +0200 | __main__ | INFO | Starting Reactive Backfill for 1 days.
2026-08-19 20:50:57 +0200 | etl.extract.get_raw_data | INFO | Config file loaded.
2026-08-19 20:50:58 +0200 | etl.extract.get_raw_data | INFO | API request for main successful.
2026-08-19 20:50:58 +0200 | etl.extract.get_raw_data | INFO | Raw data for main saved at data/raw/year=2026/month=08/day=19
2026-08-19 20:50:58 +0200 | etl.extract.get_raw_data | INFO | Config file loaded.
2026-08-19 20:50:59 +0200 | etl.extract.get_raw_data | INFO | API request for alt successful.
2026-08-19 20:50:59 +0200 | etl.extract.get_raw_data | INFO | Raw data for alt saved at data/raw/year=2026/month=08/day=19
2026-08-19 20:50:59 +0200 | etl.extract.get_raw_data | INFO | Config file loaded.
2026-08-19 20:51:00 +0200 | etl.extract.get_raw_data | INFO | API request for buy_sell successful.
2026-08-19 20:51:00 +0200 | etl.extract.get_raw_data | INFO | Raw data for buy_sell saved at data/raw/year=2026/month=08/day=19
2026-08-19 20:51:00 +0200 | etl.extract.get_raw_data | INFO | Config file loaded.
2026-08-19 20:51:00 +0200 | etl.extract.get_raw_data | INFO | API request for gold successful.
2026-08-19 20:51:00 +0200 | etl.extract.get_raw_data | INFO | Raw data for gold saved at data/raw/year=2026/month=08/day=19
2026-08-19 20:51:00 +0200 | __main__ | INFO | Starting current rates download (Daily Load)...
2026-08-19 20:51:00 +0200 | etl.extract.get_raw_data | INFO | Config file loaded.
2026-08-19 20:51:01 +0200 | etl.extract.get_raw_data | INFO | API request for main successful.
2026-08-19 20:51:01 +0200 | etl.extract.get_raw_data | INFO | Raw data for main saved at data/raw/year=2026/month=08/day=19
2026-08-19 20:51:01 +0200 | etl.extract.get_raw_data | INFO | Config file loaded.
2026-08-19 20:51:01 +0200 | etl.extract.get_raw_data | INFO | API request for alt successful.
2026-08-19 20:51:01 +0200 | etl.extract.get_raw_data | INFO | Raw data for alt saved at data/raw/year=2026/month=08/day=19
2026-08-19 20:51:01 +0200 | etl.extract.get_raw_data | INFO | Config file loaded.
2026-08-19 20:51:02 +0200 | etl.extract.get_raw_data | INFO | API request for buy_sell successful.
2026-08-19 20:51:02 +0200 | etl.extract.get_raw_data | INFO | Raw data for buy_sell saved at data/raw/year=2026/month=08/day=19
2026-08-19 20:51:02 +0200 | etl.extract.get_raw_data | INFO | Config file loaded.
2026-08-19 20:51:02 +0200 | etl.extract.get_raw_data | INFO | API request for gold successful.
2026-08-19 20:51:02 +0200 | etl.extract.get_raw_data | INFO | Raw data for gold saved at data/raw/year=2026/month=08/day=19
2026-08-19 20:51:02 +0200 | etl.transform.raw_to_bronze | INFO | Found 268 files in data/raw
2026-08-19 20:51:03 +0200 | etl.transform.raw_to_bronze | INFO | Bronze layer load finished. Success: 268, Errors: 0
2026-08-19 20:51:03 +0200 | etl.transform.bronze_to_silver | INFO | View SILVER_MID_CURRENCIES_RATES created.
2026-08-19 20:51:03 +0200 | etl.transform.bronze_to_silver | INFO | View SILVER_BUY_SELL_CURRENCIES created.
2026-08-19 20:51:03 +0200 | etl.transform.bronze_to_silver | INFO | View SILVER_GOLD_RATES created.
2026-08-19 20:51:03 +0200 | etl.transform.bronze_to_silver | INFO | View GOLD_WEALTH_INDEX created.
2026-08-19 20:51:03 +0200 | etl.transform.bronze_to_silver | INFO | Silver layer load finished. 4 views added to db.
2026-08-20 20:56:26 +0200 | __main__ | INFO | Found 1 missing dates.
2026-08-20 20:56:26 +0200 | __main__ | INFO | Starting Reactive Backfill for 1 days.
2026-08-20 20:56:26 +0200 | etl.extract.get_raw_data | INFO | Config file loaded.
2026-08-20 20:56:26 +0200 | etl.extract.get_raw_data | INFO | API request for main successful.
2026-08-20 20:56:26 +0200 | etl.extract.get_raw_data | INFO | Raw data for main saved at data/raw/year=2026/month=08/day=20
2026-08-20 20:56:27 +0200 | etl.extract.get_raw_data | INFO | Config file loaded.
2026-08-20 20:56:27 +0200 | etl.extract.get_raw_data | INFO | Brak danych w NBP. Prawdopodobnie święto. Pomijam datę.
2026-08-20 20:56:27 +0200 | etl.extract.get_raw_data | INFO | Config file loaded.
2026-08-20 20:56:28 +0200 | etl.extract.get_raw_data | INFO | API request for buy_sell successful.
2026-08-20 20:56:28 +0200 | etl.extract.get_raw_data | INFO | Raw data for buy_sell saved at data/raw/year=2026/month=08/day=20
2026-08-20 20:56:28 +0200 | etl.extract.get_raw_data | INFO | Config file loaded.
2026-08-20 20:56:29 +0200 | etl.extract.get_raw_data | INFO | API request for gold successful.
2026-08-20 20:56:29 +0200 | etl.extract.get_raw_data | INFO | Raw data for gold saved at data/raw/year=2026/month=08/day=20
2026-08-20 20:56:29 +0200 | __main__ | INFO | Starting current rates download (Daily Load)...
2026-08-20 20:56:29 +0200 | etl.extract.get_raw_data | INFO | Config file loaded.
2026-08-20 20:56:30 +0200 | etl.extract.get_raw_data | INFO | API request for main successful.
2026-08-20 20:56:30 +0200 | etl.extract.get_raw_data | INFO | Raw data for main saved at data/raw/year=2026/month=08/day=20
2026-08-20 20:56:30 +0200 | etl.extract.get_raw_data | INFO | Config file loaded.
2026-08-20 20:56:31 +0200 | etl.extract.get_raw_data | INFO | API request for alt successful.
2026-08-20 20:56:31 +0200 | etl.extract.get_raw_data | INFO | Raw data for alt saved at data/raw/year=2026/month=08/day=20
2026-08-20 20:56:31 +0200 | etl.extract.get_raw_data | INFO | Config file loaded.
2026-08-20 20:56:32 +0200 | etl.extract.get_raw_data | INFO | API request for buy_sell successful.
2026-08-20 20:56:32 +0200 | etl.extract.get_raw_data | INFO | Raw data for buy_sell saved at data/raw/year=2026/month=08/day=20
2026-08-20 20:56:32 +0200 | etl.extract.get_raw_data | INFO | Config file loaded.
2026-08-20 20:56:33 +0200 | etl.extract.get_raw_data | INFO | API request for gold successful.
2026-08-20 20:56:33 +0200 | etl.extract.get_raw_data | INFO | Raw data for gold saved at data/raw/year=2026/month=08/day=20
2026-08-20 20:56:33 +0200 | etl.transform.raw_to_bronze | INFO | Found 272 files in data/raw
2026-08-20 20:56:34 +0200 | etl.transform.raw_to_bronze | INFO | Bronze layer load finished. Success: 272, Errors: 0
2026-08-20 20:56:34 +0200 | etl.transform.bronze_to_silver | INFO | View SILVER_MID_CURRENCIES_RATES created.
2026-08-20 20:56:34 +0200 | etl.transform.bronze_to_silver | INFO | View SILVER_BUY_SELL_CURRENCIES created.
2026-08-20 20:56:34 +0200 | etl.transform.bronze_to_silver | INFO | View SILVER_GOLD_RATES created.
2026-08-20 20:56:34 +0200 | etl.transform.bronze_to_silver | INFO | View GOLD_WEALTH_INDEX created.
2026-08-20 20:56:34 +0200 | etl.transform.bronze_to_silver | INFO | Silver layer load finished. 4 views added to db.
2026-08-21 20:53:14 +0200 | __main__ | INFO | Found 1 missing dates.
2026-08-21 20:53:14 +0200 | __main__ | INFO | Starting Reactive Backfill for 1 days.
2026-08-21 20:53:14 +0200 | etl.extract.get_raw_data | INFO | Config file loaded.
2026-08-21 20:53:15 +0200 | etl.extract.get_raw_data | INFO | API request for main successful.
2026-08-21 20:53:15 +0200 | etl.extract.get_raw_data | INFO | Raw data for main saved at data/raw/year=2026/month=08/day=21
2026-08-21 20:53:15 +0200 | etl.extract.get_raw_data | INFO | Config file loaded.
2026-08-21 20:53:16 +0200 | etl.extract.get_raw_data | INFO | Brak danych w NBP. Prawdopodobnie święto. Pomijam datę.
2026-08-21 20:53:16 +0200 | etl.extract.get_raw_data | INFO | Config file loaded.
2026-08-21 20:53:17 +0200 | etl.extract.get_raw_data | INFO | API request for buy_sell successful.
2026-08-21 20:53:17 +0200 | etl.extract.get_raw_data | INFO | Raw data for buy_sell saved at data/raw/year=2026/month=08/day=21
2026-08-21 20:53:17 +0200 | etl.extract.get_raw_data | INFO | Config file loaded.
2026-08-21 20:53:17 +0200 | etl.extract.get_raw_data | INFO | API request for gold successful.
2026-08-21 20:53:17 +0200 | etl.extract.get_raw_data | INFO | Raw data for gold saved at data/raw/year=2026/month=08/day=21
2026-08-21 20:53:17 +0200 | __main__ | INFO | Starting current rates download (Daily Load)...
2026-08-21 20:53:18 +0200 | etl.extract.get_raw_data | INFO | Config file loaded.
2026-08-21 20:53:18 +0200 | etl.extract.get_raw_data | INFO | API request for main successful.
2026-08-21 20:53:18 +0200 | etl.extract.get_raw_data | INFO | Raw data for main saved at data/raw/year=2026/month=08/day=21
2026-08-21 20:53:18 +0200 | etl.extract.get_raw_data | INFO | Config file loaded.
2026-08-21 20:53:19 +0200 | etl.extract.get_raw_data | INFO | API request for alt successful.
2026-08-21 20:53:19 +0200 | etl.extract.get_raw_data | INFO | Raw data for alt saved at data/raw/year=2026/month=08/day=21
2026-08-21 20:53:19 +0200 | etl.extract.get_raw_data | INFO | Config file loaded.
2026-08-21 20:53:19 +0200 | etl.extract.get_raw_data | INFO | API request for buy_sell successful.
2026-08-21 20:53:19 +0200 | etl.extract.get_raw_data | INFO | Raw data for buy_sell saved at data/raw/year=2026/month=08/day=21
2026-08-21 20:53:19 +0200 | etl.extract.get_raw_data | INFO | Config file loaded.
2026-08-21 20:53:20 +0200 | etl.extract.get_raw_data | INFO | API request for gold successful.
2026-08-21 20:53:20 +0200 | etl.extract.get_raw_data | INFO | Raw data for gold saved at data/raw/year=2026/month=08/day=21
2026-08-21 20:53:20 +0200 | etl.transform.raw_to_bronze | INFO | Found 276 files in data/raw
2026-08-21 20:53:22 +0200 | etl.transform.raw_to_bronze | INFO | Bronze layer load finished. Success: 276, Errors: 0
2026-08-21 20:53:22 +0200 | etl.transform.bronze_to_silver | INFO | View SILVER_MID_CURRENCIES_RATES created.
2026-08-21 20:53:22 +0200 | etl.transform.bronze_to_silver | INFO | View SILVER_BUY_SELL_CURRENCIES created.
2026-08-21 20:53:22 +0200 | etl.transform.bronze_to_silver | INFO | View SILVER_GOLD_RATES created.
2026-08-21 20:53:22 +0200 | etl.transform.bronze_to_silver | INFO | View GOLD_WEALTH_INDEX created.
2026-08-21 20:53:22 +0200 | etl.transform.bronze_to_silver | INFO | Silver layer load finished. 4 views added to db.
2026-08-24 20:57:11 +0200 | __main__ | INFO | Found 1 missing dates.
2026-08-24 20:57:11 +0200 | __main__ | INFO | Starting Reactive Backfill for 1 days.
2026-08-24 20:57:11 +0200 | etl.extract.get_raw_data | INFO | Config file loaded.
2026-08-24 20:57:13 +0200 | etl.extract.get_raw_data | INFO | API request for main successful.
2026-08-24 20:57:13 +0200 | etl.extract.get_raw_data | INFO | Raw data for main saved at data/raw/year=2026/month=08/day=24
2026-08-24 20:57:13 +0200 | etl.extract.get_raw_data | INFO | Config file loaded.
2026-08-24 20:57:13 +0200 | etl.extract.get_raw_data | INFO | Brak danych w NBP. Prawdopodobnie święto. Pomijam datę.
2026-08-24 20:57:13 +0200 | etl.extract.get_raw_data | INFO | Config file loaded.
2026-08-24 20:57:14 +0200 | etl.extract.get_raw_data | INFO | API request for buy_sell successful.
2026-08-24 20:57:14 +0200 | etl.extract.get_raw_data | INFO | Raw data for buy_sell saved at data/raw/year=2026/month=08/day=24
2026-08-24 20:57:14 +0200 | etl.extract.get_raw_data | INFO | Config file loaded.
2026-08-24 20:57:14 +0200 | etl.extract.get_raw_data | INFO | API request for gold successful.
2026-08-24 20:57:14 +0200 | etl.extract.get_raw_data | INFO | Raw data for gold saved at data/raw/year=2026/month=08/day=24
2026-08-24 20:57:14 +0200 | __main__ | INFO | Starting current rates download (Daily Load)...
2026-08-24 20:57:14 +0200 | etl.extract.get_raw_data | INFO | Config file loaded.
2026-08-24 20:57:15 +0200 | etl.extract.get_raw_data | INFO | API request for main successful.
2026-08-24 20:57:15 +0200 | etl.extract.get_raw_data | INFO | Raw data for main saved at data/raw/year=2026/month=08/day=24
2026-08-24 20:57:15 +0200 | etl.extract.get_raw_data | INFO | Config file loaded.
2026-08-24 20:57:15 +0200 | etl.extract.get_raw_data | INFO | API request for alt successful.
2026-08-24 20:57:15 +0200 | etl.extract.get_raw_data | INFO | Raw data for alt saved at data/raw/year=2026/month=08/day=24
2026-08-24 20:57:15 +0200 | etl.extract.get_raw_data | INFO | Config file loaded.
2026-08-24 20:57:16 +0200 | etl.extract.get_raw_data | INFO | API request for buy_sell successful.
2026-08-24 20:57:16 +0200 | etl.extract.get_raw_data | INFO | Raw data for buy_sell saved at data/raw/year=2026/month=08/day=24
2026-08-24 20:57:16 +0200 | etl.extract.get_raw_data | INFO | Config file loaded.
2026-08-24 20:57:16 +0200 | etl.extract.get_raw_data | INFO | API request for gold successful.
2026-08-24 20:57:16 +0200 | etl.extract.get_raw_data | INFO | Raw data for gold saved at data/raw/year=2026/month=08/day=24
2026-08-24 20:57:16 +0200 | etl.transform.raw_to_bronze | INFO | Found 280 files in data/raw
2026-08-24 20:57:23 +0200 | etl.transform.raw_to_bronze | INFO | Bronze layer load finished. Success: 280, Errors: 0
2026-08-24 20:57:23 +0200 | etl.transform.bronze_to_silver | INFO | View SILVER_MID_CURRENCIES_RATES created.
2026-08-24 20:57:23 +0200 | etl.transform.bronze_to_silver | INFO | View SILVER_BUY_SELL_CURRENCIES created.
2026-08-24 20:57:23 +0200 | etl.transform.bronze_to_silver | INFO | View SILVER_GOLD_RATES created.
2026-08-24 20:57:23 +0200 | etl.transform.bronze_to_silver | INFO | View GOLD_WEALTH_INDEX created.
2026-08-24 20:57:23 +0200 | etl.transform.bronze_to_silver | INFO | Silver layer load finished. 4 views added to db.
2026-08-25 20:54:53 +0200 | __main__ | INFO | Found 1 missing dates.
2026-08-25 20:54:53 +0200 | __main__ | INFO | Starting Reactive Backfill for 1 days.
2026-08-25 20:54:53 +0200 | etl.extract.get_raw_data | INFO | Config file loaded.
2026-08-25 20:54:54 +0200 | etl.extract.get_raw_data | INFO | API request for main successful.
2026-08-25 20:54:54 +0200 | etl.extract.get_raw_data | INFO | Raw data for main saved at data/raw/year=2026/month=08/day=25
2026-08-25 20:54:54 +0200 | etl.extract.get_raw_data | INFO | Config file loaded.
2026-08-25 20:54:55 +0200 | etl.extract.get_raw_data | INFO | Brak danych w NBP. Prawdopodobnie święto. Pomijam datę.
2026-08-25 20:54:55 +0200 | etl.extract.get_raw_data | INFO | Config file loaded.
2026-08-25 20:54:56 +0200 | etl.extract.get_raw_data | INFO | API request for buy_sell successful.
2026-08-25 20:54:56 +0200 | etl.extract.get_raw_data | INFO | Raw data for buy_sell saved at data/raw/year=2026/month=08/day=25
2026-08-25 20:54:56 +0200 | etl.extract.get_raw_data | INFO | Config file loaded.
2026-08-25 20:54:56 +0200 | etl.extract.get_raw_data | INFO | API request for gold successful.
2026-08-25 20:54:56 +0200 | etl.extract.get_raw_data | INFO | Raw data for gold saved at data/raw/year=2026/month=08/day=25
2026-08-25 20:54:56 +0200 | __main__ | INFO | Starting current rates download (Daily Load)...
2026-08-25 20:54:56 +0200 | etl.extract.get_raw_data | INFO | Config file loaded.
2026-08-25 20:54:57 +0200 | etl.extract.get_raw_data | INFO | API request for main successful.
2026-08-25 20:54:57 +0200 | etl.extract.get_raw_data | INFO | Raw data for main saved at data/raw/year=2026/month=08/day=25
2026-08-25 20:54:57 +0200 | etl.extract.get_raw_data | INFO | Config file loaded.
2026-08-25 20:54:58 +0200 | etl.extract.get_raw_data | INFO | API request for alt successful.
2026-08-25 20:54:58 +0200 | etl.extract.get_raw_data | INFO | Raw data for alt saved at data/raw/year=2026/month=08/day=25
2026-08-25 20:54:58 +0200 | etl.extract.get_raw_data | INFO | Config file loaded.
2026-08-25 20:54:58 +0200 | etl.extract.get_raw_data | INFO | API request for buy_sell successful.
2026-08-25 20:54:58 +0200 | etl.extract.get_raw_data | INFO | Raw data for buy_sell saved at data/raw/year=2026/month=08/day=25
2026-08-25 20:54:58 +0200 | etl.extract.get_raw_data | INFO | Config file loaded.
2026-08-25 20:54:59 +0200 | etl.extract.get_raw_data | INFO | API request for gold successful.
2026-08-25 20:54:59 +0200 | etl.extract.get_raw_data | INFO | Raw data for gold saved at data/raw/year=2026/month=08/day=25
2026-08-25 20:54:59 +0200 | etl.transform.raw_to_bronze | INFO | Found 284 files in data/raw
2026-08-25 20:55:01 +0200 | etl.transform.raw_to_bronze | INFO | Bronze layer load finished. Success: 284, Errors: 0
2026-08-25 20:55:01 +0200 | etl.transform.bronze_to_silver | INFO | View SILVER_MID_CURRENCIES_RATES created.
2026-08-25 20:55:01 +0200 | etl.transform.bronze_to_silver | INFO | View SILVER_BUY_SELL_CURRENCIES created.
2026-08-25 20:55:01 +0200 | etl.transform.bronze_to_silver | INFO | View SILVER_GOLD_RATES created.
2026-08-25 20:55:01 +0200 | etl.transform.bronze_to_silver | INFO | View GOLD_WEALTH_INDEX created.
2026-08-25 20:55:01 +0200 | etl.transform.bronze_to_silver | INFO | Silver layer load finished. 4 views added to db.
2026-08-26 22:00:53 +0200 | __main__ | INFO | Found 1 missing dates.
2026-08-26 22:00:53 +0200 | __main__ | INFO | Starting Reactive Backfill for 1 days.
2026-08-26 22:00:53 +0200 | etl.extract.get_raw_data | INFO | Config file loaded.
2026-08-26 22:00:54 +0200 | etl.extract.get_raw_data | INFO | API request for main successful.
2026-08-26 22:00:54 +0200 | etl.extract.get_raw_data | INFO | Raw data for main saved at data/raw/year=2026/month=08/day=26
2026-08-26 22:00:54 +0200 | etl.extract.get_raw_data | INFO | Config file loaded.
2026-08-26 22:00:55 +0200 | etl.extract.get_raw_data | INFO | API request for alt successful.
2026-08-26 22:00:55 +0200 | etl.extract.get_raw_data | INFO | Raw data for alt saved at data/raw/year=2026/month=08/day=26
2026-08-26 22:00:55 +0200 | etl.extract.get_raw_data | INFO | Config file loaded.
2026-08-26 22:00:56 +0200 | etl.extract.get_raw_data | INFO | API request for buy_sell successful.
2026-08-26 22:00:56 +0200 | etl.extract.get_raw_data | INFO | Raw data for buy_sell saved at data/raw/year=2026/month=08/day=26
2026-08-26 22:00:56 +0200 | etl.extract.get_raw_data | INFO | Config file loaded.
2026-08-26 22:00:57 +0200 | etl.extract.get_raw_data | INFO | API request for gold successful.
2026-08-26 22:00:57 +0200 | etl.extract.get_raw_data | INFO | Raw data for gold saved at data/raw/year=2026/month=08/day=26
2026-08-26 22:00:57 +0200 | __main__ | INFO | Starting current rates download (Daily Load)...
2026-08-26 22:00:57 +0200 | etl.extract.get_raw_data | INFO | Config file loaded.
2026-08-26 22:00:57 +0200 | etl.extract.get_raw_data | INFO | API request for main successful.
2026-08-26 22:00:57 +0200 | etl.extract.get_raw_data | INFO | Raw data for main saved at data/raw/year=2026/month=08/day=26
2026-08-26 22:00:57 +0200 | etl.extract.get_raw_data | INFO | Config file loaded.
2026-08-26 22:00:58 +0200 | etl.extract.get_raw_data | INFO | API request for alt successful.
2026-08-26 22:00:58 +0200 | etl.extract.get_raw_data | INFO | Raw data for alt saved at data/raw/year=2026/month=08/day=26
2026-08-26 22:00:58 +0200 | etl.extract.get_raw_data | INFO | Config file loaded.
2026-08-26 22:00:58 +0200 | etl.extract.get_raw_data | INFO | API request for buy_sell successful.
2026-08-26 22:00:58 +0200 | etl.extract.get_raw_data | INFO | Raw data for buy_sell saved at data/raw/year=2026/month=08/day=26
2026-08-26 22:00:58 +0200 | etl.extract.get_raw_data | INFO | Config file loaded.
2026-08-26 22:00:59 +0200 | etl.extract.get_raw_data | INFO | API request for gold successful.
2026-08-26 22:00:59 +0200 | etl.extract.get_raw_data | INFO | Raw data for gold saved at data/raw/year=2026/month=08/day=26
2026-08-26 22:00:59 +0200 | etl.transform.raw_to_bronze | INFO | Found 288 files in data/raw
2026-08-26 22:01:00 +0200 | etl.transform.raw_to_bronze | INFO | Bronze layer load finished. Success: 288, Errors: 0
2026-08-26 22:01:00 +0200 | etl.transform.bronze_to_silver | INFO | View SILVER_MID_CURRENCIES_RATES created.
2026-08-26 22:01:00 +0200 | etl.transform.bronze_to_silver | INFO | View SILVER_BUY_SELL_CURRENCIES created.
2026-08-26 22:01:00 +0200 | etl.transform.bronze_to_silver | INFO | View SILVER_GOLD_RATES created.
2026-08-26 22:01:00 +0200 | etl.transform.bronze_to_silver | INFO | View GOLD_WEALTH_INDEX created.
2026-08-26 22:01:00 +0200 | etl.transform.bronze_to_silver | INFO | Silver layer load finished. 4 views added to db.
2026-08-28 04:09:37 +0200 | __main__ | INFO | Found 2 missing dates.
2026-08-28 04:09:37 +0200 | __main__ | INFO | Starting Reactive Backfill for 2 days.
2026-08-28 04:09:37 +0200 | etl.extract.get_raw_data | INFO | Config file loaded.
2026-08-28 04:09:38 +0200 | etl.extract.get_raw_data | INFO | API request for main successful.
2026-08-28 04:09:38 +0200 | etl.extract.get_raw_data | INFO | Raw data for main saved at data/raw/year=2026/month=08/day=27
2026-08-28 04:09:38 +0200 | etl.extract.get_raw_data | INFO | Config file loaded.
2026-08-28 04:09:39 +0200 | etl.extract.get_raw_data | INFO | Brak danych w NBP. Prawdopodobnie święto. Pomijam datę.
2026-08-28 04:09:39 +0200 | etl.extract.get_raw_data | INFO | Config file loaded.
2026-08-28 04:09:40 +0200 | etl.extract.get_raw_data | INFO | API request for buy_sell successful.
2026-08-28 04:09:40 +0200 | etl.extract.get_raw_data | INFO | Raw data for buy_sell saved at data/raw/year=2026/month=08/day=27
2026-08-28 04:09:40 +0200 | etl.extract.get_raw_data | INFO | Config file loaded.
2026-08-28 04:09:40 +0200 | etl.extract.get_raw_data | INFO | API request for gold successful.
2026-08-28 04:09:40 +0200 | etl.extract.get_raw_data | INFO | Raw data for gold saved at data/raw/year=2026/month=08/day=27
2026-08-28 04:09:40 +0200 | etl.extract.get_raw_data | INFO | Config file loaded.
2026-08-28 04:09:42 +0200 | etl.extract.get_raw_data | INFO | Brak danych w NBP. Prawdopodobnie święto. Pomijam datę.
2026-08-28 04:09:42 +0200 | etl.extract.get_raw_data | INFO | Config file loaded.
2026-08-28 04:09:42 +0200 | etl.extract.get_raw_data | INFO | Brak danych w NBP. Prawdopodobnie święto. Pomijam datę.
2026-08-28 04:09:42 +0200 | etl.extract.get_raw_data | INFO | Config file loaded.
2026-08-28 04:09:43 +0200 | etl.extract.get_raw_data | INFO | Brak danych w NBP. Prawdopodobnie święto. Pomijam datę.
2026-08-28 04:09:43 +0200 | etl.extract.get_raw_data | INFO | Config file loaded.
2026-08-28 04:09:44 +0200 | etl.extract.get_raw_data | INFO | Brak danych w NBP. Prawdopodobnie święto. Pomijam datę.
2026-08-28 04:09:44 +0200 | __main__ | INFO | Starting current rates download (Daily Load)...
2026-08-28 04:09:44 +0200 | etl.extract.get_raw_data | INFO | Config file loaded.
2026-08-28 04:09:44 +0200 | etl.extract.get_raw_data | INFO | API request for main successful.
2026-08-28 04:09:44 +0200 | etl.extract.get_raw_data | INFO | Raw data for main saved at data/raw/year=2026/month=08/day=28
2026-08-28 04:09:44 +0200 | etl.extract.get_raw_data | INFO | Config file loaded.
2026-08-28 04:09:45 +0200 | etl.extract.get_raw_data | INFO | API request for alt successful.
2026-08-28 04:09:45 +0200 | etl.extract.get_raw_data | INFO | Raw data for alt saved at data/raw/year=2026/month=08/day=28
2026-08-28 04:09:45 +0200 | etl.extract.get_raw_data | INFO | Config file loaded.
2026-08-28 04:09:45 +0200 | etl.extract.get_raw_data | INFO | API request for buy_sell successful.
2026-08-28 04:09:45 +0200 | etl.extract.get_raw_data | INFO | Raw data for buy_sell saved at data/raw/year=2026/month=08/day=28
2026-08-28 04:09:45 +0200 | etl.extract.get_raw_data | INFO | Config file loaded.
2026-08-28 04:09:46 +0200 | etl.extract.get_raw_data | INFO | API request for gold successful.
2026-08-28 04:09:46 +0200 | etl.extract.get_raw_data | INFO | Raw data for gold saved at data/raw/year=2026/month=08/day=28
2026-08-28 04:09:46 +0200 | etl.transform.raw_to_bronze | INFO | Found 295 files in data/raw
2026-08-28 04:09:48 +0200 | etl.transform.raw_to_bronze | INFO | Bronze layer load finished. Success: 295, Errors: 0
2026-08-28 04:09:48 +0200 | etl.transform.bronze_to_silver | INFO | View SILVER_MID_CURRENCIES_RATES created.
2026-08-28 04:09:48 +0200 | etl.transform.bronze_to_silver | INFO | View SILVER_BUY_SELL_CURRENCIES created.
2026-08-28 04:09:48 +0200 | etl.transform.bronze_to_silver | INFO | View SILVER_GOLD_RATES created.
2026-08-28 04:09:48 +0200 | etl.transform.bronze_to_silver | INFO | View GOLD_WEALTH_INDEX created.
2026-08-28 04:09:48 +0200 | etl.transform.bronze_to_silver | INFO | Silver layer load finished. 4 views added to db.
2026-08-29 03:44:10 +0200 | __main__ | INFO | Found 0 missing dates.
2026-08-29 03:44:10 +0200 | __main__ | INFO | Data history on disk is complete.
2026-08-29 03:44:10 +0200 | __main__ | INFO | Starting current rates download (Daily Load)...
2026-08-29 03:44:10 +0200 | etl.extract.get_raw_data | INFO | Config file loaded.
2026-08-29 03:44:11 +0200 | etl.extract.get_raw_data | INFO | API request for main successful.
2026-08-29 03:44:11 +0200 | etl.extract.get_raw_data | INFO | Raw data for main saved at data/raw/year=2026/month=08/day=29
2026-08-29 03:44:11 +0200 | etl.extract.get_raw_data | INFO | Config file loaded.
2026-08-29 03:44:11 +0200 | etl.extract.get_raw_data | INFO | API request for alt successful.
2026-08-29 03:44:11 +0200 | etl.extract.get_raw_data | INFO | Raw data for alt saved at data/raw/year=2026/month=08/day=29
2026-08-29 03:44:11 +0200 | etl.extract.get_raw_data | INFO | Config file loaded.
2026-08-29 03:44:12 +0200 | etl.extract.get_raw_data | INFO | API request for buy_sell successful.
2026-08-29 03:44:12 +0200 | etl.extract.get_raw_data | INFO | Raw data for buy_sell saved at data/raw/year=2026/month=08/day=29
2026-08-29 03:44:12 +0200 | etl.extract.get_raw_data | INFO | Config file loaded.
2026-08-29 03:44:13 +0200 | etl.extract.get_raw_data | INFO | API request for gold successful.
2026-08-29 03:44:13 +0200 | etl.extract.get_raw_data | INFO | Raw data for gold saved at data/raw/year=2026/month=08/day=29
2026-08-29 03:44:13 +0200 | etl.transform.raw_to_bronze | INFO | Found 299 files in data/raw
2026-08-29 03:44:14 +0200 | etl.transform.raw_to_bronze | INFO | Bronze layer load finished. Success: 299, Errors: 0
2026-08-29 03:44:14 +0200 | etl.transform.bronze_to_silver | INFO | View SILVER_MID_CURRENCIES_RATES created.
2026-08-29 03:44:14 +0200 | etl.transform.bronze_to_silver | INFO | View SILVER_BUY_SELL_CURRENCIES created.
2026-08-29 03:44:14 +0200 | etl.transform.bronze_to_silver | INFO | View SILVER_GOLD_RATES created.
2026-08-29 03:44:14 +0200 | etl.transform.bronze_to_silver | INFO | View GOLD_WEALTH_INDEX created.
2026-08-29 03:44:14 +0200 | etl.transform.bronze_to_silver | INFO | Silver layer load finished. 4 views added to db.
2026-09-01 00:48:16 +0200 | __main__ | INFO | Found 2 missing dates.
2026-09-01 00:48:16 +0200 | __main__ | INFO | Starting Reactive Backfill for 2 days.
2026-09-01 00:48:16 +0200 | etl.extract.get_raw_data | INFO | Config file loaded.
2026-09-01 00:48:17 +0200 | etl.extract.get_raw_data | INFO | API request for main successful.
2026-09-01 00:48:17 +0200 | etl.extract.get_raw_data | INFO | Raw data for main saved at data/raw/year=2026/month=08/day=31
2026-09-01 00:48:17 +0200 | etl.extract.get_raw_data | INFO | Config file loaded.
2026-09-01 00:48:18 +0200 | etl.extract.get_raw_data | INFO | Brak danych w NBP. Prawdopodobnie święto. Pomijam datę.
2026-09-01 00:48:18 +0200 | etl.extract.get_raw_data | INFO | Config file loaded.
2026-09-01 00:48:19 +0200 | etl.extract.get_raw_data | INFO | API request for buy_sell successful.
2026-09-01 00:48:19 +0200 | etl.extract.get_raw_data | INFO | Raw data for buy_sell saved at data/raw/year=2026/month=08/day=31
2026-09-01 00:48:19 +0200 | etl.extract.get_raw_data | INFO | Config file loaded.
2026-09-01 00:48:20 +0200 | etl.extract.get_raw_data | INFO | API request for gold successful.
2026-09-01 00:48:20 +0200 | etl.extract.get_raw_data | INFO | Raw data for gold saved at data/raw/year=2026/month=08/day=31
2026-09-01 00:48:20 +0200 | etl.extract.get_raw_data | INFO | Config file loaded.
2026-09-01 00:48:21 +0200 | etl.extract.get_raw_data | INFO | Brak danych w NBP. Prawdopodobnie święto. Pomijam datę.
2026-09-01 00:48:21 +0200 | etl.extract.get_raw_data | INFO | Config file loaded.
2026-09-01 00:48:22 +0200 | etl.extract.get_raw_data | INFO | Brak danych w NBP. Prawdopodobnie święto. Pomijam datę.
2026-09-01 00:48:22 +0200 | etl.extract.get_raw_data | INFO | Config file loaded.
2026-09-01 00:48:22 +0200 | etl.extract.get_raw_data | INFO | Brak danych w NBP. Prawdopodobnie święto. Pomijam datę.
2026-09-01 00:48:22 +0200 | etl.extract.get_raw_data | INFO | Config file loaded.
2026-09-01 00:48:23 +0200 | etl.extract.get_raw_data | INFO | Brak danych w NBP. Prawdopodobnie święto. Pomijam datę.
2026-09-01 00:48:23 +0200 | __main__ | INFO | Starting current rates download (Daily Load)...
2026-09-01 00:48:23 +0200 | etl.extract.get_raw_data | INFO | Config file loaded.
2026-09-01 00:48:24 +0200 | etl.extract.get_raw_data | INFO | API request for main successful.
2026-09-01 00:48:24 +0200 | etl.extract.get_raw_data | INFO | Raw data for main saved at data/raw/year=2026/month=09/day=01
2026-09-01 00:48:24 +0200 | etl.extract.get_raw_data | INFO | Config file loaded.
2026-09-01 00:48:24 +0200 | etl.extract.get_raw_data | INFO | API request for alt successful.
2026-09-01 00:48:24 +0200 | etl.extract.get_raw_data | INFO | Raw data for alt saved at data/raw/year=2026/month=09/day=01
2026-09-01 00:48:24 +0200 | etl.extract.get_raw_data | INFO | Config file loaded.
2026-09-01 00:48:25 +0200 | etl.extract.get_raw_data | INFO | API request for buy_sell successful.
2026-09-01 00:48:25 +0200 | etl.extract.get_raw_data | INFO | Raw data for buy_sell saved at data/raw/year=2026/month=09/day=01
2026-09-01 00:48:25 +0200 | etl.extract.get_raw_data | INFO | Config file loaded.
2026-09-01 00:48:26 +0200 | etl.extract.get_raw_data | INFO | API request for gold successful.
2026-09-01 00:48:26 +0200 | etl.extract.get_raw_data | INFO | Raw data for gold saved at data/raw/year=2026/month=09/day=01
2026-09-01 00:48:26 +0200 | etl.transform.raw_to_bronze | INFO | Found 306 files in data/raw
2026-09-01 00:48:27 +0200 | etl.transform.raw_to_bronze | INFO | Bronze layer load finished. Success: 306, Errors: 0
2026-09-01 00:48:27 +0200 | etl.transform.bronze_to_silver | INFO | View SILVER_MID_CURRENCIES_RATES created.
2026-09-01 00:48:27 +0200 | etl.transform.bronze_to_silver | INFO | View SILVER_BUY_SELL_CURRENCIES created.
2026-09-01 00:48:27 +0200 | etl.transform.bronze_to_silver | INFO | View SILVER_GOLD_RATES created.
2026-09-01 00:48:27 +0200 | etl.transform.bronze_to_silver | INFO | View GOLD_WEALTH_INDEX created.
2026-09-01 00:48:27 +0200 | etl.transform.bronze_to_silver | INFO | Silver layer load finished. 4 views added to db.
2026-09-01 22:59:54 +0200 | __main__ | INFO | Found 0 missing dates.
2026-09-01 22:59:54 +0200 | __main__ | INFO | Data history on disk is complete.
2026-09-01 22:59:54 +0200 | __main__ | INFO | Starting current rates download (Daily Load)...
2026-09-01 22:59:54 +0200 | etl.extract.get_raw_data | INFO | Config file loaded.
2026-09-01 22:59:56 +0200 | etl.extract.get_raw_data | INFO | API request for main successful.
2026-09-01 22:59:56 +0200 | etl.extract.get_raw_data | INFO | Raw data for main saved at data/raw/year=2026/month=09/day=01
2026-09-01 22:59:56 +0200 | etl.extract.get_raw_data | INFO | Config file loaded.
2026-09-01 22:59:56 +0200 | etl.extract.get_raw_data | INFO | API request for alt successful.
2026-09-01 22:59:56 +0200 | etl.extract.get_raw_data | INFO | Raw data for alt saved at data/raw/year=2026/month=09/day=01
2026-09-01 22:59:56 +0200 | etl.extract.get_raw_data | INFO | Config file loaded.
2026-09-01 22:59:57 +0200 | etl.extract.get_raw_data | INFO | API request for buy_sell successful.
2026-09-01 22:59:57 +0200 | etl.extract.get_raw_data | INFO | Raw data for buy_sell saved at data/raw/year=2026/month=09/day=01
2026-09-01 22:59:57 +0200 | etl.extract.get_raw_data | INFO | Config file loaded.
2026-09-01 22:59:57 +0200 | etl.extract.get_raw_data | INFO | API request for gold successful.
2026-09-01 22:59:57 +0200 | etl.extract.get_raw_data | INFO | Raw data for gold saved at data/raw/year=2026/month=09/day=01
2026-09-01 22:59:58 +0200 | etl.transform.raw_to_bronze | INFO | Found 306 files in data/raw
2026-09-01 23:00:05 +0200 | etl.transform.raw_to_bronze | INFO | Bronze layer load finished. Success: 306, Errors: 0
2026-09-01 23:00:05 +0200 | etl.transform.bronze_to_silver | INFO | View SILVER_MID_CURRENCIES_RATES created.
2026-09-01 23:00:05 +0200 | etl.transform.bronze_to_silver | INFO | View SILVER_BUY_SELL_CURRENCIES created.
2026-09-01 23:00:05 +0200 | etl.transform.bronze_to_silver | INFO | View SILVER_GOLD_RATES created.
2026-09-01 23:00:05 +0200 | etl.transform.bronze_to_silver | INFO | View GOLD_WEALTH_INDEX created.
2026-09-01 23:00:05 +0200 | etl.transform.bronze_to_silver | INFO | Silver layer load finished. 4 views added to db.
2026-09-02 23:00:15 +0200 | __main__ | INFO | Found 1 missing dates.
2026-09-02 23:00:15 +0200 | __main__ | INFO | Starting Reactive Backfill for 1 days.
2026-09-02 23:00:15 +0200 | etl.extract.get_raw_data | INFO | Config file loaded.
2026-09-02 23:00:16 +0200 | etl.extract.get_raw_data | INFO | API request for main successful.
2026-09-02 23:00:16 +0200 | etl.extract.get_raw_data | INFO | Raw data for main saved at data/raw/year=2026/month=09/day=02
2026-09-02 23:00:16 +0200 | etl.extract.get_raw_data | INFO | Config file loaded.
2026-09-02 23:00:17 +0200 | etl.extract.get_raw_data | INFO | API request for alt successful.
2026-09-02 23:00:17 +0200 | etl.extract.get_raw_data | INFO | Raw data for alt saved at data/raw/year=2026/month=09/day=02
2026-09-02 23:00:17 +0200 | etl.extract.get_raw_data | INFO | Config file loaded.
2026-09-02 23:00:17 +0200 | etl.extract.get_raw_data | INFO | API request for buy_sell successful.
2026-09-02 23:00:17 +0200 | etl.extract.get_raw_data | INFO | Raw data for buy_sell saved at data/raw/year=2026/month=09/day=02
2026-09-02 23:00:17 +0200 | etl.extract.get_raw_data | INFO | Config file loaded.
2026-09-02 23:00:18 +0200 | etl.extract.get_raw_data | INFO | API request for gold successful.
2026-09-02 23:00:18 +0200 | etl.extract.get_raw_data | INFO | Raw data for gold saved at data/raw/year=2026/month=09/day=02
2026-09-02 23:00:18 +0200 | __main__ | INFO | Starting current rates download (Daily Load)...
2026-09-02 23:00:18 +0200 | etl.extract.get_raw_data | INFO | Config file loaded.
2026-09-02 23:00:19 +0200 | etl.extract.get_raw_data | INFO | API request for main successful.
2026-09-02 23:00:19 +0200 | etl.extract.get_raw_data | INFO | Raw data for main saved at data/raw/year=2026/month=09/day=02
2026-09-02 23:00:19 +0200 | etl.extract.get_raw_data | INFO | Config file loaded.
2026-09-02 23:00:19 +0200 | etl.extract.get_raw_data | INFO | API request for alt successful.
2026-09-02 23:00:19 +0200 | etl.extract.get_raw_data | INFO | Raw data for alt saved at data/raw/year=2026/month=09/day=02
2026-09-02 23:00:19 +0200 | etl.extract.get_raw_data | INFO | Config file loaded.
2026-09-02 23:00:20 +0200 | etl.extract.get_raw_data | INFO | API request for buy_sell successful.
2026-09-02 23:00:20 +0200 | etl.extract.get_raw_data | INFO | Raw data for buy_sell saved at data/raw/year=2026/month=09/day=02
2026-09-02 23:00:20 +0200 | etl.extract.get_raw_data | INFO | Config file loaded.
2026-09-02 23:00:21 +0200 | etl.extract.get_raw_data | INFO | API request for gold successful.
2026-09-02 23:00:21 +0200 | etl.extract.get_raw_data | INFO | Raw data for gold saved at data/raw/year=2026/month=09/day=02
2026-09-02 23:00:21 +0200 | etl.transform.raw_to_bronze | INFO | Found 310 files in data/raw
2026-09-02 23:00:22 +0200 | etl.transform.raw_to_bronze | INFO | Bronze layer load finished. Success: 310, Errors: 0
2026-09-02 23:00:22 +0200 | etl.transform.bronze_to_silver | INFO | View SILVER_MID_CURRENCIES_RATES created.
2026-09-02 23:00:22 +0200 | etl.transform.bronze_to_silver | INFO | View SILVER_BUY_SELL_CURRENCIES created.
2026-09-02 23:00:22 +0200 | etl.transform.bronze_to_silver | INFO | View SILVER_GOLD_RATES created.
2026-09-02 23:00:22 +0200 | etl.transform.bronze_to_silver | INFO | View GOLD_WEALTH_INDEX created.
2026-09-02 23:00:22 +0200 | etl.transform.bronze_to_silver | INFO | Silver layer load finished. 4 views added to db.
